fixed acidity;volatile acidity;citric acid;residual sugar;chlorides;free sulfur dioxide;total sulfur dioxide;density;pH;sulphates;alcohol;quality
7,400;0,700;0,000;1,900;0,076;11,000;34,000;0,9978;3,51;0,56;9,40;5
7,800;0,880;0,000;2,600;0,098;25,000;67,000;0,9968;3,20;0,68;9,80;5
7,800;0,760;0,040;2,300;0,092;15,000;54,000;0,9970;3,26;0,65;9,80;5
11,200;0,280;0,560;1,900;0,075;17,000;60,000;0,9980;3,16;0,58;9,80;6
7,400;0,700;0,000;1,900;0,076;11,000;34,000;0,9978;3,51;0,56;9,40;5
7,400;0,660;0,000;1,800;0,075;13,000;40,000;0,9978;3,51;0,56;9,40;5
7,900;0,600;0,060;1,600;0,069;15,000;59,000;0,9964;3,30;0,46;9,40;5
7,300;0,650;0,000;1,200;0,065;15,000;21,000;0,9946;3,39;0,47;10,00;7
7,800;0,580;0,020;2,000;0,073;9,000;18,000;0,9968;3,36;0,57;9,50;7
6,700;0,580;0,080;1,800;0,097;15,000;65,000;0,9959;3,28;0,54;9,20;5
5,600;0,615;0,000;1,600;0,089;16,000;59,000;0,9943;3,58;0,52;9,90;5
7,800;0,610;0,290;1,600;0,114;9,000;29,000;0,9974;3,26;1,56;9,10;5
8,500;0,280;0,560;1,800;0,092;35,000;103,000;0,9969;3,30;0,75;10,50;7
7,900;0,320;0,510;1,800;0,341;17,000;56,000;0,9969;3,04;1,08;9,20;6
7,600;0,390;0,310;2,300;0,082;23,000;71,000;0,9982;3,52;0,65;9,70;5
7,900;0,430;0,210;1,600;0,106;10,000;37,000;0,9966;3,17;0,91;9,50;5
8,500;0,490;0,110;2,300;0,084;9,000;67,000;0,9968;3,17;0,53;9,40;5
6,900;0,400;0,140;2,400;0,085;21,000;40,000;0,9968;3,43;0,63;9,70;6
6,300;0,390;0,160;1,400;0,080;11,000;23,000;0,9955;3,34;0,56;9,30;5
7,600;0,410;0,240;1,800;0,080;4,000;11,000;0,9962;3,28;0,59;9,50;5
7,100;0,710;0,000;1,900;0,080;14,000;35,000;0,9972;3,47;0,55;9,40;5
7,800;0,645;0,000;2,000;0,082;8,000;16,000;0,9964;3,38;0,59;9,80;6
6,700;0,675;0,070;2,400;0,089;17,000;82,000;0,9958;3,35;0,54;10,10;5
8,300;0,655;0,120;2,300;0,083;15,000;113,000;0,9966;3,17;0,66;9,80;5
5,200;0,320;0,250;1,800;0,103;13,000;50,000;0,9957;3,38;0,55;9,20;5
7,800;0,645;0,000;5,500;0,086;5,000;18,000;0,9986;3,40;0,55;9,60;6
7,800;0,600;0,140;2,400;0,086;3,000;15,000;0,9975;3,42;0,60;10,80;6
8,100;0,380;0,280;2,100;0,066;13,000;30,000;0,9968;3,23;0,73;9,70;7
7,300;0,450;0,360;5,900;0,074;12,000;87,000;0,9978;3,33;0,83;10,50;5
8,800;0,610;0,300;2,800;0,088;17,000;46,000;0,9976;3,26;0,51;9,30;4
7,500;0,490;0,200;2,600;0,332;8,000;14,000;0,9968;3,21;0,90;10,50;6
8,100;0,660;0,220;2,200;0,069;9,000;23,000;0,9968;3,30;1,20;10,30;5
4,600;0,520;0,150;2,100;0,054;8,000;65,000;0,9934;3,90;0,56;13,10;4
7,700;0,935;0,430;2,200;0,114;22,000;114,000;0,9970;3,25;0,73;9,20;5
8,800;0,660;0,260;1,700;0,074;4,000;23,000;0,9971;3,15;0,74;9,20;5
6,600;0,520;0,040;2,200;0,069;8,000;15,000;0,9956;3,40;0,63;9,40;6
6,600;0,500;0,040;2,100;0,068;6,000;14,000;0,9955;3,39;0,64;9,40;6
8,600;0,380;0,360;3,000;0,081;30,000;119,000;0,9970;3,20;0,56;9,40;5
7,600;0,510;0,150;2,800;0,110;33,000;73,000;0,9955;3,17;0,63;10,20;6
10,200;0,420;0,570;3,400;0,070;4,000;10,000;0,9971;3,04;0,63;9,60;5
7,800;0,590;0,180;2,300;0,076;17,000;54,000;0,9975;3,43;0,59;10,00;5
7,300;0,390;0,310;2,400;0,074;9,000;46,000;0,9962;3,41;0,54;9,40;6
8,800;0,400;0,400;2,200;0,079;19,000;52,000;0,9980;3,44;0,64;9,20;5
7,700;0,690;0,490;1,800;0,115;20,000;112,000;0,9968;3,21;0,71;9,30;5
7,000;0,735;0,050;2,000;0,081;13,000;54,000;0,9966;3,39;0,57;9,80;5
7,200;0,725;0,050;4,650;0,086;4,000;11,000;0,9962;3,41;0,39;10,90;5
7,200;0,725;0,050;4,650;0,086;4,000;11,000;0,9962;3,41;0,39;10,90;5
6,600;0,705;0,070;1,600;0,076;6,000;15,000;0,9962;3,44;0,58;10,70;5
8,000;0,705;0,050;1,900;0,074;8,000;19,000;0,9962;3,34;0,95;10,50;6
7,700;0,690;0,220;1,900;0,084;18,000;94,000;0,9961;3,31;0,48;9,50;5
8,300;0,675;0,260;2,100;0,084;11,000;43,000;0,9976;3,31;0,53;9,20;4
8,800;0,410;0,640;2,200;0,093;9,000;42,000;0,9986;3,54;0,66;10,50;5
6,800;0,785;0,000;2,400;0,104;14,000;30,000;0,9966;3,52;0,55;10,70;6
6,700;0,750;0,120;2,000;0,086;12,000;80,000;0,9958;3,38;0,52;10,10;5
8,300;0,625;0,200;1,500;0,080;27,000;119,000;0,9972;3,16;1,12;9,10;4
6,200;0,450;0,200;1,600;0,069;3,000;15,000;0,9958;3,41;0,56;9,20;5
7,400;0,500;0,470;2,000;0,086;21,000;73,000;0,9970;3,36;0,57;9,10;5
6,300;0,300;0,480;1,800;0,069;18,000;61,000;0,9959;3,44;0,78;10,30;6
6,900;0,550;0,150;2,200;0,076;19,000;40,000;0,9961;3,41;0,59;10,10;5
8,600;0,490;0,280;1,900;0,110;20,000;136,000;0,9972;2,93;1,95;9,90;6
7,700;0,490;0,260;1,900;0,062;9,000;31,000;0,9966;3,39;0,64;9,60;5
9,300;0,390;0,440;2,100;0,107;34,000;125,000;0,9978;3,14;1,22;9,50;5
7,000;0,620;0,080;1,800;0,076;8,000;24,000;0,9978;3,48;0,53;9,00;5
7,900;0,520;0,260;1,900;0,079;42,000;140,000;0,9964;3,23;0,54;9,50;5
8,600;0,490;0,280;1,900;0,110;20,000;136,000;0,9972;2,93;1,95;9,90;6
7,700;0,490;0,260;1,900;0,062;9,000;31,000;0,9966;3,39;0,64;9,60;5
5,000;1,020;0,040;1,400;0,045;41,000;85,000;0,9938;3,75;0,48;10,50;4
6,800;0,775;0,000;3,000;0,102;8,000;23,000;0,9965;3,45;0,56;10,70;5
7,600;0,900;0,060;2,500;0,079;5,000;10,000;0,9967;3,39;0,56;9,80;5
8,100;0,545;0,180;1,900;0,080;13,000;35,000;0,9972;3,30;0,59;9,00;6
8,300;0,610;0,300;2,100;0,084;11,000;50,000;0,9972;3,40;0,61;10,20;6
8,100;0,545;0,180;1,900;0,080;13,000;35,000;0,9972;3,30;0,59;9,00;6
8,100;0,575;0,220;2,100;0,077;12,000;65,000;0,9967;3,29;0,51;9,20;5
7,200;0,490;0,240;2,200;0,070;5,000;36,000;0,9960;3,33;0,48;9,40;5
8,100;0,575;0,220;2,100;0,077;12,000;65,000;0,9967;3,29;0,51;9,20;5
7,800;0,410;0,680;1,700;0,467;18,000;69,000;0,9973;3,08;1,31;9,30;5
6,200;0,630;0,310;1,700;0,088;15,000;64,000;0,9969;3,46;0,79;9,30;5
7,800;0,560;0,190;1,800;0,104;12,000;47,000;0,9964;3,19;0,93;9,50;5
8,400;0,620;0,090;2,200;0,084;11,000;108,000;0,9964;3,15;0,66;9,80;5
10,100;0,310;0,440;2,300;0,080;22,000;46,000;0,9988;3,32;0,67;9,70;6
7,800;0,560;0,190;1,800;0,104;12,000;47,000;0,9964;3,19;0,93;9,50;5
9,400;0,400;0,310;2,200;0,090;13,000;62,000;0,9966;3,07;0,63;10,50;6
8,300;0,540;0,280;1,900;0,077;11,000;40,000;0,9978;3,39;0,61;10,00;6
7,300;1,070;0,090;1,700;0,178;10,000;89,000;0,9962;3,30;0,57;9,00;5
8,800;0,550;0,040;2,200;0,119;14,000;56,000;0,9962;3,21;0,60;10,90;6
7,300;0,695;0,000;2,500;0,075;3,000;13,000;0,9980;3,49;0,52;9,20;5
7,800;0,500;0,170;1,600;0,082;21,000;102,000;0,9960;3,39;0,48;9,50;5
8,200;1,330;0,000;1,700;0,081;3,000;12,000;0,9964;3,53;0,49;10,90;5
8,100;1,330;0,000;1,800;0,082;3,000;12,000;0,9964;3,54;0,48;10,90;5
8,000;0,590;0,160;1,800;0,065;3,000;16,000;0,9962;3,42;0,92;10,50;7
8,000;0,745;0,560;2,000;0,118;30,000;134,000;0,9968;3,24;0,66;9,40;5
5,600;0,500;0,090;2,300;0,049;17,000;99,000;0,9937;3,63;0,63;13,00;5
7,900;1,040;0,050;2,200;0,084;13,000;29,000;0,9959;3,22;0,55;9,90;6
8,400;0,745;0,110;1,900;0,090;16,000;63,000;0,9965;3,19;0,82;9,60;5
7,200;0,415;0,360;2,000;0,081;13,000;45,000;0,9972;3,48;0,64;9,20;5
8,400;0,745;0,110;1,900;0,090;16,000;63,000;0,9965;3,19;0,82;9,60;5
5,200;0,340;0,000;1,800;0,050;27,000;63,000;0,9916;3,68;0,79;14,00;6
6,300;0,390;0,080;1,700;0,066;3,000;20,000;0,9954;3,34;0,58;9,40;5
5,200;0,340;0,000;1,800;0,050;27,000;63,000;0,9916;3,68;0,79;14,00;6
8,100;0,670;0,550;1,800;0,117;32,000;141,000;0,9968;3,17;0,62;9,40;5
5,800;0,680;0,020;1,800;0,087;21,000;94,000;0,9944;3,54;0,52;10,00;5
6,900;0,490;0,100;2,300;0,074;12,000;30,000;0,9959;3,42;0,58;10,20;6
7,300;0,330;0,470;2,100;0,077;5,000;11,000;0,9958;3,33;0,53;10,30;6
9,200;0,520;1,000;3,400;0,610;32,000;69,000;0,9996;2,74;2,00;9,40;4
7,500;0,600;0,030;1,800;0,095;25,000;99,000;0,9950;3,35;0,54;10,10;5
7,500;0,600;0,030;1,800;0,095;25,000;99,000;0,9950;3,35;0,54;10,10;5
7,100;0,430;0,420;5,500;0,071;28,000;128,000;0,9973;3,42;0,71;10,50;5
7,100;0,430;0,420;5,500;0,070;29,000;129,000;0,9973;3,42;0,72;10,50;5
7,100;0,430;0,420;5,500;0,071;28,000;128,000;0,9973;3,42;0,71;10,50;5
7,100;0,680;0,000;2,200;0,073;12,000;22,000;0,9969;3,48;0,50;9,30;5
6,800;0,600;0,180;1,900;0,079;18,000;86,000;0,9968;3,59;0,57;9,30;6
7,600;0,950;0,030;2,000;0,090;7,000;20,000;0,9959;3,20;0,56;9,60;5
7,600;0,680;0,020;1,300;0,072;9,000;20,000;0,9965;3,17;1,08;9,20;4
7,800;0,530;0,040;1,700;0,076;17,000;31,000;0,9964;3,33;0,56;10,00;6
7,400;0,600;0,260;7,300;0,070;36,000;121,000;0,9982;3,37;0,49;9,40;5
7,300;0,590;0,260;7,200;0,070;35,000;121,000;0,9981;3,37;0,49;9,40;5
7,800;0,630;0,480;1,700;0,100;14,000;96,000;0,9961;3,19;0,62;9,50;5
6,800;0,640;0,100;2,100;0,085;18,000;101,000;0,9956;3,34;0,52;10,20;5
7,300;0,550;0,030;1,600;0,072;17,000;42,000;0,9956;3,37;0,48;9,00;4
6,800;0,630;0,070;2,100;0,089;11,000;44,000;0,9953;3,47;0,55;10,40;6
7,900;0,885;0,030;1,800;0,058;4,000;8,000;0,9972;3,36;0,33;9,10;4
8,000;0,420;0,170;2,000;0,073;6,000;18,000;0,9972;3,29;0,61;9,20;6
7,400;0,620;0,050;1,900;0,068;24,000;42,000;0,9961;3,42;0,57;11,50;6
6,900;0,500;0,040;1,500;0,085;19,000;49,000;0,9958;3,35;0,78;9,50;5
7,300;0,380;0,210;2,000;0,080;7,000;35,000;0,9961;3,33;0,47;9,50;5
7,500;0,520;0,420;2,300;0,087;8,000;38,000;0,9972;3,58;0,61;10,50;6
7,000;0,805;0,000;2,500;0,068;7,000;20,000;0,9969;3,48;0,56;9,60;5
8,800;0,610;0,140;2,400;0,067;10,000;42,000;0,9969;3,19;0,59;9,50;5
8,800;0,610;0,140;2,400;0,067;10,000;42,000;0,9969;3,19;0,59;9,50;5
8,900;0,610;0,490;2,000;0,270;23,000;110,000;0,9972;3,12;1,02;9,30;5
7,200;0,730;0,020;2,500;0,076;16,000;42,000;0,9972;3,44;0,52;9,30;5
6,800;0,610;0,200;1,800;0,077;11,000;65,000;0,9971;3,54;0,58;9,30;5
6,700;0,620;0,210;1,900;0,079;8,000;62,000;0,9970;3,52;0,58;9,30;6
8,900;0,310;0,570;2,000;0,111;26,000;85,000;0,9971;3,26;0,53;9,70;5
7,400;0,390;0,480;2,000;0,082;14,000;67,000;0,9972;3,34;0,55;9,20;5
7,900;0,500;0,330;2,000;0,084;15,000;143,000;0,9968;3,20;0,55;9,50;5
8,200;0,500;0,350;2,900;0,077;21,000;127,000;0,9976;3,23;0,62;9,40;5
6,400;0,370;0,250;1,900;0,074;21,000;49,000;0,9974;3,57;0,62;9,80;6
7,600;0,550;0,210;2,200;0,071;7,000;28,000;0,9964;3,28;0,55;9,70;5
7,600;0,550;0,210;2,200;0,071;7,000;28,000;0,9964;3,28;0,55;9,70;5
7,300;0,580;0,300;2,400;0,074;15,000;55,000;0,9968;3,46;0,59;10,20;5
11,500;0,300;0,600;2,000;0,067;12,000;27,000;0,9981;3,11;0,97;10,10;6
6,900;1,090;0,060;2,100;0,061;12,000;31,000;0,9948;3,51;0,43;11,40;4
9,600;0,320;0,470;1,400;0,056;9,000;24,000;0,9970;3,22;0,82;10,30;7
7,000;0,430;0,360;1,600;0,089;14,000;37,000;0,9962;3,34;0,56;9,20;6
12,800;0,300;0,740;2,600;0,095;9,000;28,000;0,9994;3,20;0,77;10,80;7
12,800;0,300;0,740;2,600;0,095;9,000;28,000;0,9994;3,20;0,77;10,80;7
7,800;0,440;0,280;2,700;0,100;18,000;95,000;0,9966;3,22;0,67;9,40;5
9,700;0,530;0,600;2,000;0,039;5,000;19,000;0,9959;3,30;0,86;12,40;6
8,000;0,725;0,240;2,800;0,083;10,000;62,000;0,9969;3,35;0,56;10,00;6
8,200;0,570;0,260;2,200;0,060;28,000;65,000;0,9959;3,30;0,43;10,10;5
7,800;0,735;0,080;2,400;0,092;10,000;41,000;0,9974;3,24;0,71;9,80;6
7,000;0,490;0,490;5,600;0,060;26,000;121,000;0,9974;3,34;0,76;10,50;5
8,700;0,625;0,160;2,000;0,101;13,000;49,000;0,9962;3,14;0,57;11,00;5
8,100;0,725;0,220;2,200;0,072;11,000;41,000;0,9967;3,36;0,55;9,10;5
7,500;0,490;0,190;1,900;0,076;10,000;44,000;0,9957;3,39;0,54;9,70;5
7,800;0,340;0,370;2,000;0,082;24,000;58,000;0,9964;3,34;0,59;9,40;6
7,400;0,530;0,260;2,000;0,101;16,000;72,000;0,9957;3,15;0,57;9,40;5
6,800;0,610;0,040;1,500;0,057;5,000;10,000;0,9953;3,42;0,60;9,50;5
8,600;0,645;0,250;2,000;0,083;8,000;28,000;0,9982;3,28;0,60;10,00;6
7,700;0,430;0,250;2,600;0,073;29,000;63,000;0,9962;3,37;0,58;10,50;6
8,900;0,590;0,500;2,000;0,337;27,000;81,000;0,9964;3,04;1,61;9,50;6
5,200;0,480;0,040;1,600;0,054;19,000;106,000;0,9927;3,54;0,62;12,20;7
8,000;0,380;0,060;1,800;0,078;12,000;49,000;0,9963;3,37;0,52;9,90;6
8,500;0,370;0,200;2,800;0,090;18,000;58,000;0,9980;3,34;0,70;9,60;6
8,200;1,000;0,090;2,300;0,065;7,000;37,000;0,9969;3,32;0,55;9,00;6
7,200;0,630;0,000;1,900;0,097;14,000;38,000;0,9968;3,37;0,58;9,00;6
8,900;0,635;0,370;1,700;0,263;5,000;62,000;0,9971;3,00;1,09;9,30;5
12,000;0,380;0,560;2,100;0,093;6,000;24,000;0,9993;3,14;0,71;10,90;6
7,700;0,580;0,100;1,800;0,102;28,000;109,000;0,9957;3,08;0,49;9,80;6
15,000;0,210;0,440;2,200;0,075;10,000;24,000;100005,0000;3,07;0,84;9,20;7
15,000;0,210;0,440;2,200;0,075;10,000;24,000;100005,0000;3,07;0,84;9,20;7
7,300;0,660;0,000;2,000;0,084;6,000;23,000;0,9983;3,61;0,96;9,90;6
7,100;0,680;0,070;1,900;0,075;16,000;51,000;0,9969;3,38;0,52;9,50;5
7,300;0,660;0,000;2,000;0,084;6,000;23,000;0,9983;3,61;0,96;9,90;6
10,800;0,320;0,440;1,600;0,063;16,000;37,000;0,9985;3,22;0,78;10,00;6
7,100;0,600;0,000;1,800;0,074;16,000;34,000;0,9972;3,47;0,70;9,90;6
11,100;0,350;0,480;3,100;0,090;5,000;21,000;0,9986;3,17;0,53;10,50;5
7,700;0,775;0,420;1,900;0,092;8,000;86,000;0,9959;3,23;0,59;9,50;5
8,000;0,570;0,230;3,200;0,073;17,000;119,000;0,9968;3,26;0,57;9,30;5
9,400;0,340;0,370;2,200;0,075;5,000;13,000;0,9980;3,22;0,62;9,20;5
6,600;0,695;0,000;2,100;0,075;12,000;56,000;0,9968;3,49;0,67;9,20;5
7,700;0,410;0,760;1,800;0,611;8,000;45,000;0,9968;3,06;1,26;9,40;5
10,000;0,310;0,470;2,600;0,085;14,000;33,000;0,9997;3,36;0,80;10,50;7
7,900;0,330;0,230;1,700;0,077;18,000;45,000;0,9963;3,29;0,65;9,30;5
7,000;0,975;0,040;2,000;0,087;12,000;67,000;0,9957;3,35;0,60;9,40;4
8,000;0,520;0,030;1,700;0,070;10,000;35,000;0,9958;3,34;0,57;10,00;5
7,900;0,370;0,230;1,800;0,077;23,000;49,000;0,9963;3,28;0,67;9,30;5
12,500;0,560;0,490;2,400;0,064;5,000;27,000;0,9999;3,08;0,87;10,90;5
8,100;0,870;0,000;3,300;0,096;26,000;61,000;100025,0000;3,60;0,72;9,80;4
7,900;0,350;0,460;3,600;0,078;15,000;37,000;0,9973;3,35;0,86;12,80;8
6,900;0,540;0,040;3,000;0,077;7,000;27,000;0,9987;3,69;0,91;9,40;6
11,500;0,180;0,510;4,000;0,104;4,000;23,000;0,9996;3,28;0,97;10,10;6
7,900;0,545;0,060;4,000;0,087;27,000;61,000;0,9965;3,36;0,67;10,70;6
7,900;0,545;0,060;4,000;0,087;27,000;61,000;0,9965;3,36;0,67;10,70;6
6,900;0,540;0,040;3,000;0,077;7,000;27,000;0,9987;3,69;0,91;9,40;6
11,500;0,180;0,510;4,000;0,104;4,000;23,000;0,9996;3,28;0,97;10,10;6
10,300;0,320;0,450;6,400;0,073;5,000;13,000;0,9976;3,23;0,82;12,60;8
8,900;0,400;0,320;5,600;0,087;10,000;47,000;0,9991;3,38;0,77;10,50;7
11,400;0,260;0,440;3,600;0,071;6,000;19,000;0,9986;3,12;0,82;9,30;6
7,700;0,270;0,680;3,500;0,358;5,000;10,000;0,9972;3,25;1,08;9,90;7
8,900;0,400;0,320;5,600;0,087;10,000;47,000;0,9991;3,38;0,77;10,50;7
9,900;0,590;0,070;3,400;0,102;32,000;71,000;100015,0000;3,31;0,71;9,80;5
9,900;0,590;0,070;3,400;0,102;32,000;71,000;100015,0000;3,31;0,71;9,80;5
12,000;0,450;0,550;2,000;0,073;25,000;49,000;0,9997;3,10;0,76;10,30;6
7,500;0,400;0,120;3,000;0,092;29,000;53,000;0,9967;3,37;0,70;10,30;6
8,700;0,520;0,090;2,500;0,091;20,000;49,000;0,9976;3,34;0,86;10,60;7
11,600;0,420;0,530;3,300;0,105;33,000;98,000;1001,0000;3,20;0,95;9,20;5
8,700;0,520;0,090;2,500;0,091;20,000;49,000;0,9976;3,34;0,86;10,60;7
10,400;0,550;0,230;2,700;0,091;18,000;48,000;0,9994;3,22;0,64;10,30;6
6,900;0,360;0,250;2,400;0,098;5,000;16,000;0,9964;3,41;0,60;10,10;6
13,300;0,340;0,520;3,200;0,094;17,000;53,000;10014,0000;3,05;0,81;9,50;6
10,800;0,500;0,460;2,500;0,073;5,000;27,000;10001,0000;3,05;0,64;9,50;5
10,600;0,830;0,370;2,600;0,086;26,000;70,000;0,9981;3,16;0,52;9,90;5
7,100;0,630;0,060;2,000;0,083;8,000;29,000;0,9986;3,67;0,73;9,60;5
7,200;0,650;0,020;2,300;0,094;5,000;31,000;0,9993;3,67;0,80;9,70;5
7,500;0,530;0,060;2,600;0,086;20,000;44,000;0,9965;3,38;0,59;10,70;6
11,100;0,180;0,480;1,500;0,068;7,000;15,000;0,9973;3,22;0,64;10,10;6
8,300;0,705;0,120;2,600;0,092;12,000;28,000;0,9994;3,51;0,72;10,00;5
8,400;0,650;0,600;2,100;0,112;12,000;90,000;0,9973;3,20;0,52;9,20;5
7,600;0,620;0,320;2,200;0,082;7,000;54,000;0,9966;3,36;0,52;9,40;5
10,300;0,410;0,420;2,400;0,213;6,000;14,000;0,9994;3,19;0,62;9,50;6
10,300;0,430;0,440;2,400;0,214;5,000;12,000;0,9994;3,19;0,63;9,50;6
7,900;0,530;0,240;2,000;0,072;15,000;105,000;0,9960;3,27;0,54;9,40;6
9,000;0,460;0,310;2,800;0,093;19,000;98,000;0,9982;3,32;0,63;9,50;6
8,600;0,470;0,300;3,000;0,076;30,000;135,000;0,9976;3,30;0,53;9,40;5
7,400;0,360;0,290;2,600;0,087;26,000;72,000;0,9965;3,39;0,68;11,00;5
9,800;0,660;0,390;3,200;0,083;21,000;59,000;0,9989;3,37;0,71;11,50;7
9,600;0,770;0,120;2,900;0,082;30,000;74,000;0,9987;3,30;0,64;10,40;6
9,300;0,610;0,260;3,400;0,090;25,000;87,000;0,9998;3,24;0,62;9,70;5
10,000;0,490;0,200;11,000;0,071;13,000;50,000;10015,0000;3,16;0,69;9,20;6
10,000;0,490;0,200;11,000;0,071;13,000;50,000;10015,0000;3,16;0,69;9,20;6
11,600;0,530;0,660;3,650;0,121;6,000;14,000;0,9978;3,05;0,74;11,50;7
10,300;0,440;0,500;4,500;0,107;5,000;13,000;0,9980;3,28;0,83;11,50;5
13,400;0,270;0,620;2,600;0,082;6,000;21,000;10002,0000;3,16;0,67;9,70;6
8,400;0,560;0,080;2,100;0,105;16,000;44,000;0,9958;3,13;0,52;11,00;5
7,900;0,650;0,010;2,500;0,078;17,000;38,000;0,9963;3,34;0,74;11,70;7
11,900;0,695;0,530;3,400;0,128;7,000;21,000;0,9992;3,17;0,84;12,20;7
8,900;0,430;0,450;1,900;0,052;6,000;16,000;0,9948;3,35;0,70;12,50;6
7,800;0,430;0,320;2,800;0,080;29,000;58,000;0,9974;3,31;0,64;10,30;5
12,500;0,280;0,540;2,300;0,082;12,000;29,000;0,9997;3,11;1,36;9,80;7
10,900;0,390;0,470;1,800;0,118;6,000;14,000;0,9982;3,30;0,75;9,80;6
10,900;0,390;0,470;1,800;0,118;6,000;14,000;0,9982;3,30;0,75;9,80;6
11,900;0,570;0,500;2,600;0,082;6,000;32,000;10006,0000;3,12;0,78;10,70;6
13,800;0,490;0,670;3,000;0,093;6,000;15,000;0,9986;3,02;0,93;12,00;6
9,600;0,560;0,310;2,800;0,089;15,000;46,000;0,9979;3,11;0,92;10,00;6
9,100;0,795;0,000;2,600;0,096;11,000;26,000;0,9994;3,35;0,83;9,40;6
7,700;0,665;0,000;2,400;0,090;8,000;19,000;0,9974;3,27;0,73;9,30;5
13,500;0,530;0,790;4,800;0,120;23,000;77,000;10018,0000;3,18;0,77;13,00;5
6,100;0,210;0,400;1,400;0,066;40,500;165,000;0,9912;3,25;0,59;11,90;6
6,700;0,750;0,010;2,400;0,078;17,000;32,000;0,9955;3,55;0,61;12,80;6
11,500;0,410;0,520;3,000;0,080;29,000;55,000;10001,0000;3,26;0,88;11,00;5
10,500;0,420;0,660;2,950;0,116;12,000;29,000;0,9970;3,24;0,75;11,70;7
11,900;0,430;0,660;3,100;0,109;10,000;23,000;1,0000;3,15;0,85;10,40;7
12,600;0,380;0,660;2,600;0,088;10,000;41,000;1001,0000;3,17;0,68;9,80;6
8,200;0,700;0,230;2,000;0,099;14,000;81,000;0,9973;3,19;0,70;9,40;5
8,600;0,450;0,310;2,600;0,086;21,000;50,000;0,9982;3,37;0,91;9,90;6
11,900;0,580;0,660;2,500;0,072;6,000;37,000;0,9992;3,05;0,56;10,00;5
12,500;0,460;0,630;2,000;0,071;6,000;15,000;0,9988;2,99;0,87;10,20;5
12,800;0,615;0,660;5,800;0,083;7,000;42,000;10022,0000;3,07;0,73;10,00;7
12,800;0,615;0,660;5,800;0,083;7,000;42,000;10022,0000;3,07;0,73;10,00;7
10,400;0,575;0,610;2,600;0,076;11,000;24,000;1,0000;3,16;0,69;9,00;5
9,400;0,270;0,530;2,400;0,074;6,000;18,000;0,9962;3,20;1,13;12,00;7
7,900;0,240;0,400;1,600;0,056;11,000;25,000;0,9967;3,32;0,87;8,70;6
9,100;0,280;0,480;1,800;0,067;26,000;46,000;0,9967;3,32;1,04;10,60;6
11,500;0,450;0,500;3,000;0,078;19,000;47,000;10003,0000;3,26;1,11;11,00;6
9,400;0,270;0,530;2,400;0,074;6,000;18,000;0,9962;3,20;1,13;12,00;7
11,400;0,625;0,660;6,200;0,088;6,000;24,000;0,9988;3,11;0,99;13,30;6
8,300;0,260;0,420;2,000;0,080;11,000;27,000;0,9974;3,21;0,80;9,40;6
7,700;0,510;0,280;2,100;0,087;23,000;54,000;0,9980;3,42;0,74;9,20;5
7,800;0,460;0,260;1,900;0,088;23,000;53,000;0,9981;3,43;0,74;9,20;6
5,600;0,850;0,050;1,400;0,045;12,000;88,000;0,9924;3,56;0,82;12,90;8
13,700;0,415;0,680;2,900;0,085;17,000;43,000;10014,0000;3,06;0,80;10,00;6
9,500;0,370;0,520;2,000;0,082;6,000;26,000;0,9980;3,18;0,51;9,50;5
12,000;0,370;0,760;4,200;0,066;7,000;38,000;10004,0000;3,22;0,60;13,00;7
6,600;0,735;0,020;7,900;0,122;68,000;124,000;0,9994;3,47;0,53;9,90;5
11,500;0,590;0,590;2,600;0,087;13,000;49,000;0,9988;3,18;0,65;11,00;6
8,700;0,765;0,220;2,300;0,064;9,000;42,000;0,9963;3,10;0,55;9,40;5
6,600;0,735;0,020;7,900;0,122;68,000;124,000;0,9994;3,47;0,53;9,90;5
12,200;0,480;0,540;2,600;0,085;19,000;64,000;1,0000;3,10;0,61;10,50;6
11,400;0,600;0,490;2,700;0,085;10,000;41,000;0,9994;3,15;0,63;10,50;6
7,700;0,690;0,050;2,700;0,075;15,000;27,000;0,9974;3,26;0,61;9,10;5
9,800;0,440;0,470;2,500;0,063;9,000;28,000;0,9981;3,24;0,65;10,80;6
12,000;0,390;0,660;3,000;0,093;12,000;30,000;0,9996;3,18;0,63;10,80;7
12,500;0,460;0,490;4,500;0,070;26,000;49,000;0,9981;3,05;0,57;9,60;4
9,000;0,430;0,340;2,500;0,080;26,000;86,000;0,9987;3,38;0,62;9,50;6
7,100;0,735;0,160;1,900;0,100;15,000;77,000;0,9966;3,27;0,64;9,30;5
9,900;0,400;0,530;6,700;0,097;6,000;19,000;0,9986;3,27;0,82;11,70;7
8,800;0,520;0,340;2,700;0,087;24,000;122,000;0,9982;3,26;0,61;9,50;5
8,600;0,725;0,240;6,600;0,117;31,000;134,000;10014,0000;3,32;1,07;9,30;5
10,600;0,480;0,640;2,200;0,111;6,000;20,000;0,9970;3,26;0,66;11,70;6
7,000;0,580;0,120;1,900;0,091;34,000;124,000;0,9956;3,44;0,48;10,50;5
11,900;0,380;0,510;2,000;0,121;7,000;20,000;0,9996;3,24;0,76;10,40;6
6,800;0,770;0,000;1,800;0,066;34,000;52,000;0,9976;3,62;0,68;9,90;5
6,600;0,840;0,030;2,300;0,059;32,000;48,000;0,9952;3,52;0,56;12,30;7
7,700;0,960;0,200;2,000;0,047;15,000;60,000;0,9955;3,36;0,44;10,90;5
10,500;0,240;0,470;2,100;0,066;6,000;24,000;0,9978;3,15;0,90;11,00;7
6,600;0,840;0,030;2,300;0,059;32,000;48,000;0,9952;3,52;0,56;12,30;7
6,400;0,670;0,080;2,100;0,045;19,000;48,000;0,9949;3,49;0,49;11,40;6
9,500;0,780;0,220;1,900;0,077;6,000;32,000;0,9988;3,26;0,56;10,60;6
9,100;0,520;0,330;1,300;0,070;9,000;30,000;0,9978;3,24;0,60;9,30;5
12,800;0,840;0,630;2,400;0,088;13,000;35,000;0,9997;3,10;0,60;10,40;6
10,500;0,240;0,470;2,100;0,066;6,000;24,000;0,9978;3,15;0,90;11,00;7
7,800;0,550;0,350;2,200;0,074;21,000;66,000;0,9974;3,25;0,56;9,20;5
12,300;0,390;0,630;2,300;0,091;6,000;18,000;10004,0000;3,16;0,49;9,50;5
10,400;0,410;0,550;3,200;0,076;22,000;54,000;0,9996;3,15;0,89;9,90;6
12,300;0,390;0,630;2,300;0,091;6,000;18,000;10004,0000;3,16;0,49;9,50;5
8,000;0,670;0,300;2,000;0,060;38,000;62,000;0,9958;3,26;0,56;10,20;6
11,100;0,450;0,730;3,200;0,066;6,000;22,000;0,9986;3,17;0,66;11,20;6
7,000;0,620;0,180;1,500;0,062;7,000;50,000;0,9951;3,08;0,60;9,30;5
12,600;0,310;0,720;2,200;0,072;6,000;29,000;0,9987;2,88;0,82;9,80;8
15,600;0,685;0,760;3,700;0,100;6,000;43,000;10032,0000;2,95;0,68;11,20;7
5,300;0,570;0,010;1,700;0,054;5,000;27,000;0,9934;3,57;0,84;12,50;7
12,500;0,380;0,600;2,600;0,081;31,000;72,000;0,9996;3,10;0,73;10,50;5
9,300;0,480;0,290;2,100;0,127;6,000;16,000;0,9968;3,22;0,72;11,20;5
8,600;0,530;0,220;2,000;0,100;7,000;27,000;0,9967;3,20;0,56;10,20;6
11,900;0,390;0,690;2,800;0,095;17,000;35,000;0,9994;3,10;0,61;10,80;6
11,900;0,390;0,690;2,800;0,095;17,000;35,000;0,9994;3,10;0,61;10,80;6
6,800;0,560;0,030;1,700;0,084;18,000;35,000;0,9968;3,44;0,63;10,00;6
10,400;0,330;0,630;2,800;0,084;5,000;22,000;0,9998;3,26;0,74;11,20;7
7,000;0,230;0,400;1,600;0,063;21,000;67,000;0,9952;3,50;0,63;11,10;5
11,300;0,620;0,670;5,200;0,086;6,000;19,000;0,9988;3,22;0,69;13,40;8
8,900;0,590;0,390;2,300;0,095;5,000;22,000;0,9986;3,37;0,58;10,30;5
9,200;0,630;0,210;2,700;0,097;29,000;65,000;0,9988;3,28;0,58;9,60;5
11,600;0,580;0,660;2,200;0,074;10,000;47,000;10008,0000;3,25;0,57;9,00;3
9,200;0,430;0,520;2,300;0,083;14,000;23,000;0,9976;3,35;0,61;11,30;6
8,300;0,615;0,220;2,600;0,087;6,000;19,000;0,9982;3,26;0,61;9,30;5
11,500;0,315;0,540;2,100;0,084;5,000;15,000;0,9987;2,98;0,70;9,20;6
10,300;0,500;0,420;2,000;0,069;21,000;51,000;0,9982;3,16;0,72;11,50;6
8,800;0,460;0,450;2,600;0,065;7,000;18,000;0,9947;3,32;0,79;14,00;6
11,400;0,360;0,690;2,100;0,090;6,000;21,000;1,0000;3,17;0,62;9,20;6
8,700;0,820;0,020;1,200;0,070;36,000;48,000;0,9952;3,20;0,58;9,80;5
13,000;0,320;0,650;2,600;0,093;15,000;47,000;0,9996;3,05;0,61;10,60;5
9,600;0,540;0,420;2,400;0,081;25,000;52,000;0,9970;3,20;0,71;11,40;6
12,500;0,370;0,550;2,600;0,083;25,000;68,000;0,9995;3,15;0,82;10,40;6
9,600;0,680;0,240;2,200;0,087;5,000;28,000;0,9988;3,14;0,60;10,20;5
9,300;0,270;0,410;2,000;0,091;6,000;16,000;0,9980;3,28;0,70;9,70;5
10,400;0,240;0,490;1,800;0,075;6,000;20,000;0,9977;3,18;1,06;11,00;6
9,400;0,685;0,110;2,700;0,077;6,000;31,000;0,9984;3,19;0,70;10,10;6
10,600;0,280;0,390;15,500;0,069;6,000;23,000;10026,0000;3,12;0,66;9,20;5
9,400;0,300;0,560;2,800;0,080;6,000;17,000;0,9964;3,15;0,92;11,70;8
10,600;0,360;0,600;2,200;0,152;7,000;18,000;0,9986;3,04;1,06;9,40;5
10,200;0,670;0,390;1,900;0,054;6,000;17,000;0,9976;3,17;0,47;10,00;5
10,200;0,645;0,360;1,800;0,053;5,000;14,000;0,9982;3,17;0,42;10,00;6
9,300;0,390;0,400;2,600;0,073;10,000;26,000;0,9984;3,34;0,75;10,20;6
9,200;0,410;0,500;2,500;0,055;12,000;25,000;0,9952;3,34;0,79;13,30;7
8,900;0,400;0,510;2,600;0,052;13,000;27,000;0,9950;3,32;0,90;13,40;7
8,700;0,690;0,310;3,000;0,086;23,000;81,000;10002,0000;3,48;0,74;11,60;6
6,500;0,390;0,230;8,300;0,051;28,000;91,000;0,9952;3,44;0,55;12,10;6
10,700;0,350;0,530;2,600;0,070;5,000;16,000;0,9972;3,15;0,65;11,00;8
7,800;0,520;0,250;1,900;0,081;14,000;38,000;0,9984;3,43;0,65;9,00;6
7,200;0,340;0,320;2,500;0,090;43,000;113,000;0,9966;3,32;0,79;11,10;5
10,700;0,350;0,530;2,600;0,070;5,000;16,000;0,9972;3,15;0,65;11,00;8
8,700;0,690;0,310;3,000;0,086;23,000;81,000;10002,0000;3,48;0,74;11,60;6
7,800;0,520;0,250;1,900;0,081;14,000;38,000;0,9984;3,43;0,65;9,00;6
10,400;0,440;0,730;6,550;0,074;38,000;76,000;0,9990;3,17;0,85;12,00;7
10,400;0,440;0,730;6,550;0,074;38,000;76,000;0,9990;3,17;0,85;12,00;7
10,500;0,240;0,420;1,800;0,077;6,000;22,000;0,9976;3,21;1,05;10,80;7
10,200;0,490;0,630;2,900;0,072;10,000;26,000;0,9968;3,16;0,78;12,50;7
10,400;0,240;0,460;1,800;0,075;6,000;21,000;0,9976;3,25;1,02;10,80;7
11,200;0,670;0,550;2,300;0,084;6,000;13,000;1,0000;3,17;0,71;9,50;6
13,300;0,290;0,750;2,800;0,084;23,000;43,000;0,9986;3,04;0,68;11,40;7
10,000;0,590;0,310;2,200;0,090;26,000;62,000;0,9994;3,18;0,63;10,20;6
10,700;0,400;0,480;2,100;0,125;15,000;49,000;0,9980;3,03;0,81;9,70;6
10,500;0,510;0,640;2,400;0,107;6,000;15,000;0,9973;3,09;0,66;11,80;7
10,500;0,510;0,640;2,400;0,107;6,000;15,000;0,9973;3,09;0,66;11,80;7
8,500;0,655;0,490;6,100;0,122;34,000;151,000;1001,0000;3,31;1,14;9,30;5
12,500;0,600;0,490;4,300;0,100;5,000;14,000;1001,0000;3,25;0,74;11,90;6
10,400;0,610;0,490;2,100;0,200;5,000;16,000;0,9994;3,16;0,63;8,40;3
9,800;0,250;0,490;2,700;0,088;15,000;33,000;0,9982;3,42;0,90;10,00;6
9,300;0,400;0,490;2,500;0,085;38,000;142,000;0,9978;3,22;0,55;9,40;5
9,200;0,430;0,490;2,400;0,086;23,000;116,000;0,9976;3,23;0,64;9,50;5
7,000;0,380;0,490;2,500;0,097;33,000;85,000;0,9962;3,39;0,77;11,40;6
9,900;0,630;0,240;2,400;0,077;6,000;33,000;0,9974;3,09;0,57;9,40;5
9,100;0,220;0,240;2,100;0,078;1,000;28,000;0,9990;3,41;0,87;10,30;6
11,900;0,380;0,490;2,700;0,098;12,000;42,000;10004,0000;3,16;0,61;10,30;5
11,900;0,380;0,490;2,700;0,098;12,000;42,000;10004,0000;3,16;0,61;10,30;5
10,300;0,270;0,240;2,100;0,072;15,000;33,000;0,9956;3,22;0,66;12,80;6
10,000;0,480;0,240;2,700;0,102;13,000;32,000;1,0000;3,28;0,56;10,00;6
9,100;0,220;0,240;2,100;0,078;1,000;28,000;0,9990;3,41;0,87;10,30;6
9,900;0,630;0,240;2,400;0,077;6,000;33,000;0,9974;3,09;0,57;9,40;5
8,100;0,825;0,240;2,100;0,084;5,000;13,000;0,9972;3,37;0,77;10,70;6
12,900;0,350;0,490;5,800;0,066;5,000;35,000;10014,0000;3,20;0,66;12,00;7
11,200;0,500;0,740;5,150;0,100;5,000;17,000;0,9996;3,22;0,62;11,20;5
9,200;0,590;0,240;3,300;0,101;20,000;47,000;0,9988;3,26;0,67;9,60;5
9,500;0,460;0,490;6,300;0,064;5,000;17,000;0,9988;3,21;0,73;11,00;6
9,300;0,715;0,240;2,100;0,070;5,000;20,000;0,9966;3,12;0,59;9,90;5
11,200;0,660;0,240;2,500;0,085;16,000;53,000;0,9993;3,06;0,72;11,00;6
14,300;0,310;0,740;1,800;0,075;6,000;15,000;10008,0000;2,86;0,79;8,40;6
9,100;0,470;0,490;2,600;0,094;38,000;106,000;0,9982;3,08;0,59;9,10;5
7,500;0,550;0,240;2,000;0,078;10,000;28,000;0,9983;3,45;0,78;9,50;6
10,600;0,310;0,490;2,500;0,067;6,000;21,000;0,9987;3,26;0,86;10,70;6
12,400;0,350;0,490;2,600;0,079;27,000;69,000;0,9994;3,12;0,75;10,40;6
6,800;0,510;0,010;2,100;0,074;9,000;25,000;0,9958;3,33;0,56;9,50;6
9,400;0,430;0,240;2,800;0,092;14,000;45,000;0,9980;3,19;0,73;10,00;6
9,500;0,460;0,240;2,700;0,092;14,000;44,000;0,9980;3,12;0,74;10,00;6
5,000;1,040;0,240;1,600;0,050;32,000;96,000;0,9934;3,74;0,62;11,50;5
15,500;0,645;0,490;4,200;0,095;10,000;23,000;100315,0000;2,92;0,74;11,10;5
10,900;0,530;0,490;4,600;0,118;10,000;17,000;10002,0000;3,07;0,56;11,70;6
15,600;0,645;0,490;4,200;0,095;10,000;23,000;100315,0000;2,92;0,74;11,10;5
13,000;0,470;0,490;4,300;0,085;6,000;47,000;10021,0000;3,30;0,68;12,70;6
12,700;0,600;0,490;2,800;0,075;5,000;19,000;0,9994;3,14;0,57;11,40;5
9,000;0,540;0,490;2,900;0,094;41,000;110,000;0,9982;3,08;0,61;9,20;5
7,600;0,290;0,490;2,700;0,092;25,000;60,000;0,9971;3,31;0,61;10,10;6
13,000;0,470;0,490;4,300;0,085;6,000;47,000;10021,0000;3,30;0,68;12,70;6
12,700;0,600;0,490;2,800;0,075;5,000;19,000;0,9994;3,14;0,57;11,40;5
8,700;0,700;0,240;2,500;0,226;5,000;15,000;0,9991;3,32;0,60;9,00;6
9,800;0,500;0,490;2,600;0,250;5,000;20,000;0,9990;3,31;0,79;10,70;6
6,200;0,360;0,240;2,200;0,095;19,000;42,000;0,9946;3,57;0,57;11,70;6
11,500;0,350;0,490;3,300;0,070;10,000;37,000;10003,0000;3,32;0,91;11,00;6
10,200;0,240;0,490;2,400;0,075;10,000;28,000;0,9978;3,14;0,61;10,40;5
9,900;0,500;0,240;2,300;0,103;6,000;14,000;0,9978;3,34;0,52;10,00;4
8,800;0,440;0,490;2,800;0,083;18,000;111,000;0,9982;3,30;0,60;9,50;5
8,800;0,470;0,490;2,900;0,085;17,000;110,000;0,9982;3,29;0,60;9,80;5
10,600;0,310;0,490;2,200;0,063;18,000;40,000;0,9976;3,14;0,51;9,80;6
12,300;0,500;0,490;2,200;0,089;5,000;14,000;10002,0000;3,19;0,44;9,60;5
12,300;0,500;0,490;2,200;0,089;5,000;14,000;10002,0000;3,19;0,44;9,60;5
12,000;0,280;0,490;1,900;0,074;10,000;21,000;0,9976;2,98;0,66;9,90;7
7,300;0,730;0,240;1,900;0,108;18,000;102,000;0,9967;3,26;0,59;9,30;5
5,000;0,420;0,240;2,000;0,060;19,000;50,000;0,9917;3,72;0,74;14,00;8
9,000;0,450;0,490;2,600;0,084;21,000;75,000;0,9987;3,35;0,57;9,70;5
6,600;0,390;0,490;1,700;0,070;23,000;149,000;0,9922;3,12;0,50;11,50;6
9,000;0,450;0,490;2,600;0,084;21,000;75,000;0,9987;3,35;0,57;9,70;5
9,900;0,490;0,580;3,500;0,094;9,000;43,000;10004,0000;3,29;0,58;9,00;5
8,900;0,595;0,410;7,900;0,086;30,000;109,000;0,9998;3,27;0,57;9,30;5
12,400;0,400;0,510;2,000;0,059;6,000;24,000;0,9994;3,04;0,60;9,30;6
8,500;0,585;0,180;2,100;0,078;5,000;30,000;0,9967;3,20;0,48;9,80;6
7,700;0,835;0,000;2,600;0,081;6,000;14,000;0,9975;3,30;0,52;9,30;5
8,300;0,580;0,130;2,900;0,096;14,000;63,000;0,9984;3,17;0,62;9,10;6
8,800;0,480;0,410;3,300;0,092;26,000;52,000;0,9982;3,31;0,53;10,50;6
10,100;0,650;0,370;5,100;0,110;11,000;65,000;10026,0000;3,32;0,64;10,40;6
6,300;0,360;0,190;3,200;0,075;15,000;39,000;0,9956;3,56;0,52;12,70;6
8,800;0,240;0,540;2,500;0,083;25,000;57,000;0,9983;3,39;0,54;9,20;5
13,200;0,380;0,550;2,700;0,081;5,000;16,000;10006,0000;2,98;0,54;9,40;5
7,500;0,640;0,000;2,400;0,077;18,000;29,000;0,9965;3,32;0,60;10,00;6
9,600;0,600;0,500;2,300;0,079;28,000;71,000;0,9997;3,50;0,57;9,70;5
11,500;0,310;0,510;2,200;0,079;14,000;28,000;0,9982;3,03;0,93;9,80;6
11,300;0,370;0,410;2,300;0,088;6,000;16,000;0,9988;3,09;0,80;9,30;5
8,300;0,540;0,240;3,400;0,076;16,000;112,000;0,9976;3,27;0,61;9,40;5
8,200;0,560;0,230;3,400;0,078;14,000;104,000;0,9976;3,28;0,62;9,40;5
10,000;0,580;0,220;1,900;0,080;9,000;32,000;0,9974;3,13;0,55;9,50;5
6,800;0,690;0,000;5,600;0,124;21,000;58,000;0,9997;3,46;0,72;10,20;5
8,800;0,600;0,290;2,200;0,098;5,000;15,000;0,9988;3,36;0,49;9,10;5
8,800;0,600;0,290;2,200;0,098;5,000;15,000;0,9988;3,36;0,49;9,10;5
8,700;0,540;0,260;2,500;0,097;7,000;31,000;0,9976;3,27;0,60;9,30;6
7,600;0,685;0,230;2,300;0,111;20,000;84,000;0,9964;3,21;0,61;9,30;5
8,700;0,540;0,260;2,500;0,097;7,000;31,000;0,9976;3,27;0,60;9,30;6
10,400;0,280;0,540;2,700;0,105;5,000;19,000;0,9988;3,25;0,63;9,50;5
7,600;0,410;0,140;3,000;0,087;21,000;43,000;0,9964;3,32;0,57;10,50;6
10,100;0,935;0,220;3,400;0,105;11,000;86,000;1001,0000;3,43;0,64;11,30;4
7,900;0,350;0,210;1,900;0,073;46,000;102,000;0,9964;3,27;0,58;9,50;5
8,700;0,840;0,000;1,400;0,065;24,000;33,000;0,9954;3,27;0,55;9,70;5
9,600;0,880;0,280;2,400;0,086;30,000;147,000;0,9979;3,24;0,53;9,40;5
9,500;0,885;0,270;2,300;0,084;31,000;145,000;0,9978;3,24;0,53;9,40;5
8,900;0,290;0,350;1,900;0,067;25,000;57,000;0,9970;3,18;1,36;10,30;6
9,900;0,540;0,450;2,300;0,071;16,000;40,000;0,9991;3,39;0,62;9,40;5
9,900;0,540;0,450;2,300;0,071;16,000;40,000;0,9991;3,39;0,62;9,40;5
9,900;0,540;0,450;2,300;0,071;16,000;40,000;0,9991;3,39;0,62;9,40;5
8,300;0,845;0,010;2,200;0,070;5,000;14,000;0,9967;3,32;0,58;11,00;4
8,700;0,480;0,300;2,800;0,066;10,000;28,000;0,9964;3,33;0,67;11,20;7
6,700;0,420;0,270;8,600;0,068;24,000;148,000;0,9948;3,16;0,57;11,30;6
10,700;0,430;0,390;2,200;0,106;8,000;32,000;0,9986;2,89;0,50;9,60;5
15,900;0,360;0,650;7,500;0,096;22,000;71,000;0,9976;2,98;0,84;14,90;5
9,400;0,330;0,590;2,800;0,079;9,000;30,000;0,9976;3,12;0,54;12,00;6
8,600;0,470;0,470;2,400;0,074;7,000;29,000;0,9979;3,08;0,46;9,50;5
9,700;0,550;0,170;2,900;0,087;20,000;53,000;10004,0000;3,14;0,61;9,40;5
10,700;0,430;0,390;2,200;0,106;8,000;32,000;0,9986;2,89;0,50;9,60;5
12,000;0,500;0,590;1,400;0,073;23,000;42,000;0,9980;2,92;0,68;10,50;7
7,200;0,520;0,070;1,400;0,074;5,000;20,000;0,9973;3,32;0,81;9,60;6
7,200;0,520;0,070;1,400;0,074;5,000;20,000;0,9973;3,32;0,81;9,60;6
7,500;0,420;0,310;1,600;0,080;15,000;42,000;0,9978;3,31;0,64;9,00;5
7,200;0,570;0,060;1,600;0,076;9,000;27,000;0,9972;3,36;0,70;9,60;6
9,400;0,590;0,140;2,000;0,084;25,000;48,000;0,9981;3,14;0,56;9,70;5
8,300;0,490;0,360;1,800;0,222;6,000;16,000;0,9980;3,18;0,60;9,50;6
11,300;0,340;0,450;2,000;0,082;6,000;15,000;0,9988;2,94;0,66;9,20;6
11,300;0,340;0,450;2,000;0,082;6,000;15,000;0,9988;2,94;0,66;9,20;6
8,200;0,730;0,210;1,700;0,074;5,000;13,000;0,9968;3,20;0,52;9,50;5
8,200;0,730;0,210;1,700;0,074;5,000;13,000;0,9968;3,20;0,52;9,50;5
10,800;0,400;0,410;2,200;0,084;7,000;17,000;0,9984;3,08;0,67;9,30;6
8,600;0,800;0,110;2,300;0,084;12,000;31,000;0,9979;3,40;0,48;9,90;5
8,300;0,780;0,100;2,600;0,081;45,000;87,000;0,9983;3,48;0,53;10,00;5
10,800;0,260;0,450;3,300;0,060;20,000;49,000;0,9972;3,13;0,54;9,60;5
8,000;0,450;0,230;2,200;0,094;16,000;29,000;0,9962;3,21;0,49;10,20;6
8,500;0,460;0,310;2,250;0,078;32,000;58,000;0,9980;3,33;0,54;9,80;5
8,100;0,780;0,230;2,600;0,059;5,000;15,000;0,9970;3,37;0,56;11,30;5
9,800;0,980;0,320;2,300;0,078;35,000;152,000;0,9980;3,25;0,48;9,40;5
8,100;0,780;0,230;2,600;0,059;5,000;15,000;0,9970;3,37;0,56;11,30;5
7,700;0,660;0,040;1,600;0,039;4,000;9,000;0,9962;3,40;0,47;9,40;5
8,100;0,380;0,480;1,800;0,157;5,000;17,000;0,9976;3,30;1,05;9,40;5
9,200;0,920;0,240;2,600;0,087;12,000;93,000;0,9998;3,48;0,54;9,80;5
8,600;0,490;0,510;2,000;0,422;16,000;62,000;0,9979;3,03;1,17;9,00;5
9,000;0,480;0,320;2,800;0,084;21,000;122,000;0,9984;3,32;0,62;9,40;5
9,000;0,470;0,310;2,700;0,084;24,000;125,000;0,9984;3,31;0,61;9,40;5
5,100;0,470;0,020;1,300;0,034;18,000;44,000;0,9921;3,90;0,62;12,80;6
7,000;0,650;0,020;2,100;0,066;8,000;25,000;0,9972;3,47;0,67;9,50;6
9,400;0,615;0,280;3,200;0,087;18,000;72,000;10001,0000;3,31;0,53;9,70;5
11,800;0,380;0,550;2,100;0,071;5,000;19,000;0,9986;3,11;0,62;10,80;6
10,600;1,020;0,430;2,900;0,076;26,000;88,000;0,9984;3,08;0,57;10,10;6
7,000;0,650;0,020;2,100;0,066;8,000;25,000;0,9972;3,47;0,67;9,50;6
7,000;0,640;0,020;2,100;0,067;9,000;23,000;0,9970;3,47;0,67;9,40;6
7,500;0,380;0,480;2,600;0,073;22,000;84,000;0,9972;3,32;0,70;9,60;4
9,100;0,765;0,040;1,600;0,078;4,000;14,000;0,9980;3,29;0,54;9,70;4
8,400;1035,000;0,150;6,000;0,073;11,000;54,000;0,9990;3,37;0,49;9,90;5
7,000;0,780;0,080;2,000;0,093;10,000;19,000;0,9956;3,40;0,47;10,00;5
7,400;0,490;0,190;3,000;0,077;16,000;37,000;0,9966;3,37;0,51;10,50;5
7,800;0,545;0,120;2,500;0,068;11,000;35,000;0,9960;3,34;0,61;11,60;6
10,600;1025,000;0,430;2,800;0,080;21,000;84,000;0,9985;3,06;0,57;10,10;5
8,900;0,565;0,340;3,000;0,093;16,000;112,000;0,9998;3,38;0,61;9,50;5
9,900;0,740;0,280;2,600;0,078;21,000;77,000;0,9980;3,28;0,51;9,80;5
7,600;0,460;0,110;2,600;0,079;12,000;49,000;0,9968;3,21;0,57;10,00;5
8,400;0,560;0,040;2,000;0,082;10,000;22,000;0,9976;3,22;0,44;9,60;5
7,100;0,660;0,000;3,900;0,086;17,000;45,000;0,9976;3,46;0,54;9,50;5
8,400;0,560;0,040;2,000;0,082;10,000;22,000;0,9976;3,22;0,44;9,60;5
8,900;0,480;0,240;2,850;0,094;35,000;106,000;0,9982;3,10;0,53;9,20;5
7,100;0,310;0,300;2,200;0,053;36,000;127,000;0,9965;2,94;1,62;9,50;5
9,000;0,660;0,170;3,000;0,077;5,000;13,000;0,9976;3,29;0,55;10,40;5
8,100;0,720;0,090;2,800;0,084;18,000;49,000;0,9994;3,43;0,72;11,10;6
6,400;0,570;0,020;1,800;0,067;4,000;11,000;0,9970;3,46;0,68;9,50;5
6,400;0,570;0,020;1,800;0,067;4,000;11,000;0,9970;3,46;0,68;9,50;5
6,400;0,865;0,030;3,200;0,071;27,000;58,000;0,9950;3,61;0,49;12,70;6
9,500;0,550;0,660;2,300;0,387;12,000;37,000;0,9982;3,17;0,67;9,60;5
8,900;0,875;0,130;3,450;0,088;4,000;14,000;0,9994;3,44;0,52;11,50;5
7,300;0,835;0,030;2,100;0,092;10,000;19,000;0,9966;3,39;0,47;9,60;5
7,000;0,450;0,340;2,700;0,082;16,000;72,000;0,9980;3,55;0,60;9,50;5
7,700;0,560;0,200;2,000;0,075;9,000;39,000;0,9987;3,48;0,62;9,30;5
7,700;0,965;0,100;2,100;0,112;11,000;22,000;0,9963;3,26;0,50;9,50;5
8,200;0,590;0,000;2,500;0,093;19,000;58,000;10002,0000;3,50;0,65;9,30;6
9,000;0,690;0,000;2,400;0,088;19,000;38,000;0,9990;3,35;0,60;9,30;5
8,300;0,760;0,290;4,200;0,075;12,000;16,000;0,9965;3,45;0,68;11,50;6
9,200;0,530;0,240;2,600;0,078;28,000;139,000;0,9979;3,21;0,57;9,50;5
11,100;0,390;0,540;2,700;0,095;21,000;101,000;10001,0000;3,13;0,51;9,50;5
7,300;0,510;0,180;2,100;0,070;12,000;28,000;0,9977;3,52;0,73;9,50;6
8,200;0,340;0,380;2,500;0,080;12,000;57,000;0,9978;3,30;0,47;9,00;6
7,200;0,500;0,180;2,100;0,071;12,000;31,000;0,9976;3,52;0,72;9,60;6
7,300;0,510;0,180;2,100;0,070;12,000;28,000;0,9977;3,52;0,73;9,50;6
8,300;0,650;0,100;2,900;0,089;17,000;40,000;0,9980;3,29;0,55;9,50;5
7,600;0,540;0,130;2,500;0,097;24,000;66,000;0,9979;3,39;0,61;9,40;5
8,300;0,650;0,100;2,900;0,089;17,000;40,000;0,9980;3,29;0,55;9,50;5
7,800;0,480;0,680;1,700;0,415;14,000;32,000;0,9966;3,09;1,06;9,10;6
7,800;0,910;0,070;1,900;0,058;22,000;47,000;0,9953;3,51;0,43;10,70;6
6,300;0,980;0,010;2,000;0,057;15,000;33,000;0,9949;3,60;0,46;11,20;6
8,100;0,870;0,000;2,200;0,084;10,000;31,000;0,9966;3,25;0,50;9,80;5
8,100;0,870;0,000;2,200;0,084;10,000;31,000;0,9966;3,25;0,50;9,80;5
8,800;0,420;0,210;2,500;0,092;33,000;88,000;0,9982;3,19;0,52;9,20;5
9,000;0,580;0,250;2,800;0,075;9,000;104,000;0,9978;3,23;0,57;9,70;5
9,300;0,655;0,260;2,000;0,096;5,000;35,000;0,9974;3,25;0,42;9,60;5
8,800;0,700;0,000;1,700;0,069;8,000;19,000;0,9970;3,31;0,53;10,00;6
9,100;0,680;0,110;2,800;0,093;11,000;44,000;0,9989;3,31;0,55;9,50;6
9,200;0,670;0,100;3,000;0,091;12,000;48,000;0,9989;3,31;0,54;9,50;6
8,800;0,590;0,180;2,900;0,089;12,000;74,000;0,9974;3,14;0,54;9,40;5
7,100;0,590;0,020;2,300;0,082;24,000;94,000;0,9974;3,55;0,53;9,70;6
7,900;0,720;0,010;1,900;0,076;7,000;32,000;0,9967;3,39;0,54;9,60;5
7,100;0,590;0,020;2,300;0,082;24,000;94,000;0,9974;3,55;0,53;9,70;6
9,400;0,685;0,260;2,400;0,082;23,000;143,000;0,9978;3,28;0,55;9,40;5
9,500;0,570;0,270;2,300;0,082;23,000;144,000;0,9978;3,27;0,55;9,40;5
7,900;0,400;0,290;1,800;0,157;1,000;44,000;0,9973;3,30;0,92;9,50;6
7,200;1,000;0,000;3,000;0,102;7,000;16,000;0,9959;3,43;0,46;10,00;5
6,900;0,635;0,170;2,400;0,241;6,000;18,000;0,9961;3,40;0,59;10,30;6
8,300;0,430;0,300;3,400;0,079;7,000;34,000;0,9979;3,36;0,61;10,50;5
7,100;0,520;0,030;2,600;0,076;21,000;92,000;0,9975;3,50;0,60;9,80;5
7,000;0,570;0,000;2,000;0,190;12,000;45,000;0,9968;3,31;0,60;9,40;6
6,500;0,460;0,140;2,400;0,114;9,000;37,000;0,9973;3,66;0,65;9,80;5
7,100;0,590;0,010;2,500;0,077;20,000;85,000;0,9975;3,55;0,59;9,80;5
9,900;0,350;0,410;2,300;0,083;11,000;61,000;0,9982;3,21;0,50;9,50;5
10,000;0,560;0,240;2,200;0,079;19,000;58,000;0,9991;3,18;0,56;10,10;6
10,000;0,560;0,240;2,200;0,079;19,000;58,000;0,9991;3,18;0,56;10,10;6
8,600;0,630;0,170;2,900;0,099;21,000;119,000;0,9980;3,09;0,52;9,30;5
7,400;0,370;0,430;2,600;0,082;18,000;82,000;0,9971;3,33;0,68;9,70;6
8,800;0,640;0,170;2,900;0,084;25,000;130,000;0,9982;3,23;0,54;9,60;5
7,100;0,610;0,020;2,500;0,081;17,000;87,000;0,9975;3,48;0,60;9,70;6
7,700;0,600;0,000;2,600;0,055;7,000;13,000;0,9964;3,38;0,56;10,80;5
10,100;0,270;0,540;2,300;0,065;7,000;26,000;0,9953;3,17;0,53;12,50;6
10,800;0,890;0,300;2,600;0,132;7,000;60,000;0,9979;2,99;1,18;10,20;5
8,700;0,460;0,310;2,500;0,126;24,000;64,000;0,9975;3,10;0,74;9,60;5
9,300;0,370;0,440;1,600;0,038;21,000;42,000;0,9953;3,24;0,81;10,80;7
9,400;0,500;0,340;3,600;0,082;5,000;14,000;0,9987;3,29;0,52;10,70;6
8,600;0,550;0,090;3,300;0,068;8,000;17,000;0,9974;3,23;0,44;10,00;5
5,100;0,585;0,000;1,700;0,044;14,000;86,000;0,9926;3,56;0,94;12,90;7
7,700;0,560;0,080;2,500;0,114;14,000;46,000;0,9971;3,24;0,66;9,60;6
8,400;0,520;0,220;2,700;0,084;4,000;18,000;0,9968;3,26;0,57;9,90;6
8,400;0,250;0,390;2,000;0,041;4,000;10,000;0,9939;3,27;0,71;12,50;7
7,400;0,530;0,120;1,900;0,165;4,000;12,000;0,9970;3,26;0,86;9,20;5
7,600;0,480;0,310;2,800;0,070;4,000;15,000;0,9969;3,22;0,55;10,30;6
7,300;0,490;0,100;2,600;0,068;4,000;14,000;0,9956;3,30;0,47;10,50;5
12,900;0,500;0,550;2,800;0,072;7,000;24,000;10001200000000000,0000;3,09;0,68;10,90;6
6,900;0,390;0,240;2,100;0,102;4,000;7,000;0,9946;3,44;0,58;11,40;4
12,600;0,410;0,540;2,800;0,103;19,000;41,000;0,9994;3,21;0,76;11,30;6
9,100;0,660;0,150;3,200;0,097;9,000;59,000;0,9998;3,28;0,54;9,60;5
7,000;0,685;0,000;1,900;0,099;9,000;22,000;0,9961;3,34;0,60;9,70;5
4,900;0,420;0,000;2,100;0,048;16,000;42,000;0,9915;3,71;0,74;14,00;7
6,700;0,540;0,130;2,000;0,076;15,000;36,000;0,9973;3,61;0,64;9,80;5
7,100;0,480;0,280;2,800;0,068;6,000;16,000;0,9968;3,24;0,53;10,30;5
7,500;0,270;0,340;2,300;0,050;4,000;8,000;0,9951;3,40;0,64;11,00;7
7,100;0,460;0,140;2,800;0,076;15,000;37,000;0,9962;3,36;0,49;10,70;5
7,500;0,685;0,070;2,500;0,058;5,000;9,000;0,9963;3,38;0,55;10,90;4
5,900;0,610;0,080;2,100;0,071;16,000;24,000;0,9938;3,56;0,77;11,10;6
11,600;0,470;0,440;1,600;0,147;36,000;51,000;0,9984;3,38;0,86;9,90;4
6,700;0,280;0,280;2,400;0,012;36,000;100,000;0,9906;3,26;0,39;11,70;7
6,700;0,280;0,280;2,400;0,012;36,000;100,000;0,9906;3,26;0,39;11,70;7
10,100;0,310;0,350;1,600;0,075;9,000;28,000;0,9967;3,24;0,83;11,20;7
6,600;0,660;0,000;3,000;0,115;21,000;31,000;0,9963;3,45;0,63;10,30;5
10,600;0,500;0,450;2,600;0,119;34,000;68,000;0,9971;3,23;0,72;10,90;6
7,100;0,685;0,350;2,000;0,088;9,000;92,000;0,9963;3,28;0,62;9,40;5
6,400;0,640;0,210;1,800;0,081;14,000;31,000;0,9969;3,59;0,66;9,80;5
7,400;0,680;0,160;1,800;0,078;12,000;39,000;0,9977;3,50;0,70;9,90;6
6,400;0,640;0,210;1,800;0,081;14,000;31,000;0,9969;3,59;0,66;9,80;5
9,300;0,430;0,440;1,900;0,085;9,000;22,000;0,9971;3,28;0,55;9,50;5
9,300;0,430;0,440;1,900;0,085;9,000;22,000;0,9971;3,28;0,55;9,50;5
9,300;0,360;0,390;1,500;0,080;41,000;55,000;0,9965;3,47;0,73;10,90;6
9,300;0,360;0,390;1,500;0,080;41,000;55,000;0,9965;3,47;0,73;10,90;6
9,300;0,360;0,390;1,500;0,080;41,000;55,000;0,9965;3,47;0,73;10,90;6
8,200;0,260;0,340;2,500;0,073;16,000;47,000;0,9959;3,40;0,78;11,30;7
11,700;0,280;0,470;1,700;0,054;17,000;32,000;0,9969;3,15;0,67;10,60;7
7,200;0,620;0,060;2,700;0,077;15,000;85,000;0,9975;3,51;0,54;9,50;5
7,500;0,420;0,320;2,700;0,067;7,000;25,000;0,9963;3,24;0,44;10,40;5
7,200;0,620;0,060;2,500;0,078;17,000;84,000;0,9975;3,51;0,53;9,70;5
7,200;0,635;0,070;2,600;0,077;16,000;86,000;0,9975;3,51;0,54;9,70;5
6,900;0,560;0,030;1,500;0,086;36,000;46,000;0,9952;3,53;0,57;10,60;5
7,300;0,350;0,240;2,000;0,067;28,000;48,000;0,9958;3,43;0,54;10,00;4
8,800;0,310;0,400;2,800;0,109;7,000;16,000;0,9961;3,31;0,79;11,80;7
7,700;0,715;0,010;2,100;0,064;31,000;43,000;0,9937;3,41;0,57;11,80;6
7,600;0,715;0,000;2,100;0,068;30,000;35,000;0,9953;3,48;0,65;11,40;6
8,400;0,310;0,290;3,100;0,194;14,000;26,000;0,9954;3,22;0,78;12,00;6
8,800;0,610;0,190;4,000;0,094;30,000;69,000;0,9979;3,22;0,50;10,00;6
8,900;0,750;0,140;2,500;0,086;9,000;30,000;0,9982;3,34;0,64;10,50;5
9,000;0,800;0,120;2,400;0,083;8,000;28,000;0,9984;3,33;0,65;10,40;6
6,800;0,570;0,000;2,500;0,072;32,000;64,000;0,9949;3,43;0,56;11,20;6
10,700;0,900;0,340;6,600;0,112;23,000;99,000;100289,0000;3,22;0,68;9,30;5
7,200;0,660;0,030;2,300;0,078;16,000;86,000;0,9974;3,53;0,57;9,70;5
10,100;0,450;0,230;1,900;0,082;10,000;18,000;0,9977;3,22;0,65;9,30;6
7,200;0,660;0,030;2,300;0,078;16,000;86,000;0,9974;3,53;0,57;9,70;5
7,200;0,630;0,030;2,200;0,080;17,000;88,000;0,9975;3,53;0,58;9,80;6
7,100;0,590;0,010;2,300;0,080;27,000;43,000;0,9955;3,42;0,58;10,70;6
8,300;0,310;0,390;2,400;0,078;17,000;43,000;0,9944;3,31;0,77;12,50;7
7,100;0,590;0,010;2,300;0,080;27,000;43,000;0,9955;3,42;0,58;10,70;6
8,300;0,310;0,390;2,400;0,078;17,000;43,000;0,9944;3,31;0,77;12,50;7
8,900;0,310;0,360;2,600;0,056;10,000;39,000;0,9956;3,40;0,69;11,80;5
7,400;0,635;0,100;2,400;0,080;16,000;33,000;0,9974;3,58;0,69;10,80;7
7,400;0,635;0,100;2,400;0,080;16,000;33,000;0,9974;3,58;0,69;10,80;7
6,800;0,590;0,060;6,000;0,060;11,000;18,000;0,9962;3,41;0,59;10,80;7
7,200;0,540;0,270;2,600;0,084;12,000;78,000;0,9964;3,39;0,71;11,00;5
6,100;0,560;0,000;2,200;0,079;6,000;9,000;0,9948;3,59;0,54;11,50;6
7,400;0,520;0,130;2,400;0,078;34,000;61,000;0,9953;3,43;0,59;10,80;6
9,300;0,380;0,480;3,800;0,132;3,000;11,000;0,9958;3,23;0,57;13,20;6
9,100;0,280;0,460;9,000;0,114;3,000;9,000;0,9990;3,18;0,60;10,90;6
10,000;0,460;0,440;2,900;0,065;4,000;8,000;0,9967;3,33;0,62;12,20;6
8,600;0,315;0,400;2,200;0,079;3,000;6,000;0,9951;3,27;0,67;11,90;6
5,300;0,715;0,190;1,500;0,161;7,000;62,000;0,9940;3,62;0,61;11,00;5
6,800;0,410;0,310;8,800;0,084;26,000;45,000;0,9982;3,38;0,64;10,10;6
8,400;0,360;0,320;2,200;0,081;32,000;79,000;0,9964;3,30;0,72;11,00;6
8,400;0,620;0,120;1,800;0,072;38,000;46,000;0,9950;3,38;0,89;11,80;6
9,600;0,410;0,370;2,300;0,091;10,000;23,000;0,9979;3,24;0,56;10,50;5
8,400;0,620;0,120;1,800;0,072;38,000;46,000;0,9950;3,38;0,89;11,80;6
8,600;0,470;0,270;2,300;0,055;14,000;28,000;0,9952;3,18;0,80;11,20;5
8,600;0,220;0,360;1,900;0,064;53,000;77,000;0,9960;3,47;0,87;11,00;7
9,400;0,240;0,330;2,300;0,061;52,000;73,000;0,9979;3,47;0,90;10,20;6
8,400;0,670;0,190;2,200;0,093;11,000;75,000;0,9974;3,20;0,59;9,20;4
8,600;0,470;0,270;2,300;0,055;14,000;28,000;0,9952;3,18;0,80;11,20;5
8,700;0,330;0,380;3,300;0,063;10,000;19,000;0,9947;3,30;0,73;12,00;7
7,400;0,610;0,010;2,000;0,074;13,000;38,000;0,9975;3,48;0,65;9,80;5
7,600;0,400;0,290;1,900;0,078;29,000;66,000;0,9971;3,45;0,59;9,50;6
6,600;0,610;0,010;1,900;0,080;8,000;25,000;0,9975;3,69;0,73;10,50;5
8,800;0,300;0,380;2,300;0,060;19,000;72,000;0,9954;3,39;0,72;11,80;6
6,200;0,460;0,170;1,600;0,073;7,000;11,000;0,9943;3,61;0,54;11,40;5
9,900;0,270;0,490;5,000;0,082;9,000;17,000;0,9948;3,19;0,52;12,50;7
10,100;0,430;0,400;2,600;0,092;13,000;52,000;0,9983;3,22;0,64;10,00;7
8,300;0,300;0,490;3,800;0,090;11,000;24,000;0,9950;3,27;0,64;12,10;7
10,200;0,440;0,580;4,100;0,092;11,000;24,000;0,9975;3,29;0,99;12,00;7
8,300;0,280;0,480;2,100;0,093;6,000;12,000;0,9941;3,26;0,62;12,40;7
8,900;0,120;0,450;1,800;0,075;10,000;21,000;0,9955;3,41;0,76;11,90;7
8,900;0,120;0,450;1,800;0,075;10,000;21,000;0,9955;3,41;0,76;11,90;7
8,300;0,280;0,480;2,100;0,093;6,000;12,000;0,9941;3,26;0,62;12,40;7
8,200;0,310;0,400;2,200;0,058;6,000;10,000;0,9954;3,31;0,68;11,20;7
10,200;0,340;0,480;2,100;0,052;5,000;9,000;0,9946;3,20;0,69;12,10;7
8,500;0,210;0,520;1,900;0,090;9,000;23,000;0,9965;3,36;0,67;10,40;5
9,000;0,360;0,520;2,100;0,111;5,000;10,000;0,9957;3,31;0,62;11,30;6
6,400;0,570;0,120;2,300;0,120;25,000;36,000;0,9952;3,47;0,71;11,30;7
8,500;0,470;0,270;1,900;0,058;18,000;38,000;0,9952;3,16;0,85;11,10;6
7,100;0,560;0,140;1,600;0,078;7,000;18,000;0,9959;3,27;0,62;9,30;5
6,600;0,570;0,020;2,100;0,115;6,000;16,000;0,9965;3,38;0,69;9,50;5
8,500;0,470;0,270;1,900;0,058;18,000;38,000;0,9952;3,16;0,85;11,10;6
8,500;0,660;0,200;2,100;0,097;23,000;113,000;0,9973;3,13;0,48;9,20;5
9,000;0,400;0,430;2,400;0,068;29,000;46,000;0,9943;3,20;0,60;12,20;6
10,400;0,260;0,480;1,900;0,066;6,000;10,000;0,9972;3,33;0,87;10,90;6
8,800;0,330;0,410;5,900;0,073;7,000;13,000;0,9966;3,30;0,62;12,10;7
7,200;0,410;0,300;2,100;0,083;35,000;72,000;0,9970;3,44;0,52;9,40;5
8,400;0,590;0,290;2,600;0,109;31,000;119,000;0,9980;3,15;0,50;9,10;5
7,000;0,400;0,320;3,600;0,061;9,000;29,000;0,9942;3,28;0,49;11,30;7
9,100;0,500;0,300;1,900;0,065;8,000;17,000;0,9977;3,32;0,71;10,50;6
9,500;0,860;0,260;1,900;0,079;13,000;28,000;0,9971;3,25;0,62;10,00;5
7,300;0,520;0,320;2,100;0,070;51,000;70,000;0,9942;3,34;0,82;12,90;6
9,100;0,500;0,300;1,900;0,065;8,000;17,000;0,9977;3,32;0,71;10,50;6
7,400;0,580;0,000;2,000;0,064;7,000;11,000;0,9956;3,45;0,58;11,30;6
7,100;0,360;0,300;1,600;0,080;35,000;70,000;0,9969;3,44;0,50;9,40;5
7,700;0,390;0,120;1,700;0,097;19,000;27,000;0,9960;3,16;0,49;9,40;5
9,700;0,295;0,400;1,500;0,073;14,000;21,000;0,9956;3,14;0,51;10,90;6
7,700;0,390;0,120;1,700;0,097;19,000;27,000;0,9960;3,16;0,49;9,40;5
7,100;0,340;0,280;2,000;0,082;31,000;68,000;0,9969;3,45;0,48;9,40;5
7,100;0,340;0,280;2,000;0,082;31,000;68,000;0,9969;3,45;0,48;9,40;5
7,700;0,600;0,060;2,000;0,079;19,000;41,000;0,9970;3,39;0,62;10,10;6
8,900;0,840;0,340;1,400;0,050;4,000;10,000;0,9955;3,12;0,48;9,10;6
6,400;0,690;0,000;1,650;0,055;7,000;12,000;0,9916;3,47;0,53;12,90;6
7,500;0,430;0,300;2,200;0,062;6,000;12,000;0,9950;3,44;0,72;11,50;7
8,200;0,430;0,290;1,600;0,081;27,000;45,000;0,9960;3,25;0,54;10,30;5
6,800;0,360;0,320;1,800;0,067;4,000;8,000;0,9928;3,36;0,55;12,80;7
9,100;0,290;0,330;2,050;0,063;13,000;27,000;0,9952;3,26;0,84;11,70;7
9,100;0,300;0,340;2,000;0,064;12,000;25,000;0,9952;3,26;0,84;11,70;7
8,900;0,350;0,400;3,600;0,110;12,000;24,000;0,9955;3,23;0,70;12,00;7
8,900;0,280;0,450;1,700;0,067;7,000;12,000;0,9935;3,25;0,55;12,30;7
8,900;0,320;0,310;2,000;0,088;12,000;19,000;0,9957;3,17;0,55;10,40;6
7,700;1005,000;0,150;2,100;0,102;11,000;32,000;0,9960;3,23;0,48;10,00;5
7,500;0,710;0,000;1,600;0,092;22,000;31,000;0,9964;3,38;0,58;10,00;6
8,000;0,580;0,160;2,000;0,120;3,000;7,000;0,9945;3,22;0,58;11,20;6
8,900;0,380;0,400;2,200;0,068;12,000;28,000;0,9949;3,27;0,75;12,60;7
8,000;0,180;0,370;0,900;0,049;36,000;109,000;0,9901;2,89;0,44;12,70;6
7,000;0,500;0,140;1,800;0,078;10,000;23,000;0,9964;3,53;0,61;10,40;5
11,300;0,360;0,660;2,400;0,123;3,000;8,000;0,9964;3,20;0,53;11,90;6
11,300;0,360;0,660;2,400;0,123;3,000;8,000;0,9964;3,20;0,53;11,90;6
7,000;0,510;0,090;2,100;0,062;4,000;9,000;0,9958;3,35;0,54;10,50;5
8,200;0,320;0,420;2,300;0,098;3,000;9,000;0,9951;3,27;0,55;12,30;6
7,700;0,580;0,010;1,800;0,088;12,000;18,000;0,9957;3,32;0,56;10,50;7
8,600;0,830;0,000;2,800;0,095;17,000;43,000;0,9982;3,33;0,60;10,40;6
7,900;0,310;0,320;1,900;0,066;14,000;36,000;0,9936;3,41;0,56;12,60;6
6,400;0,795;0,000;2,200;0,065;28,000;52,000;0,9938;3,49;0,52;11,60;5
7,700;0,580;0,010;1,800;0,088;12,000;18,000;0,9957;3,32;0,56;10,50;7
8,100;0,820;0,000;4,100;0,095;5,000;14,000;0,9985;3,36;0,53;9,60;5
8,900;0,745;0,180;2,500;0,077;15,000;48,000;0,9974;3,20;0,47;9,70;6
10,100;0,370;0,340;2,400;0,085;5,000;17,000;0,9968;3,17;0,65;10,60;7
7,600;0,310;0,340;2,500;0,082;26,000;35,000;0,9936;3,22;0,59;12,50;7
8,700;0,410;0,410;6,200;0,078;25,000;42,000;0,9953;3,24;0,77;12,60;7
8,900;0,500;0,210;2,200;0,088;21,000;39,000;0,9969;3,33;0,83;11,10;6
6,900;0,490;0,190;1,700;0,079;13,000;26,000;0,9955;3,38;0,64;9,80;6
6,400;0,390;0,330;3,300;0,046;12,000;53,000;0,9929;3,36;0,62;12,20;6
6,900;0,440;0,000;1,400;0,070;32,000;38,000;0,9944;3,32;0,58;11,40;6
7,600;0,780;0,000;1,700;0,076;33,000;45,000;0,9961;3,31;0,62;10,70;6
7,100;0,430;0,170;1,800;0,082;27,000;51,000;0,9963;3,49;0,64;10,40;5
9,300;0,490;0,360;1,700;0,081;3,000;14,000;0,9970;3,27;0,78;10,90;6
9,300;0,500;0,360;1,800;0,084;6,000;17,000;0,9970;3,27;0,77;10,80;6
8,500;0,460;0,590;1,400;0,414;16,000;45,000;0,9970;3,03;1,34;9,20;5
5,600;0,605;0,050;2,400;0,073;19,000;25,000;0,9926;3,56;0,55;12,90;5
8,300;0,330;0,420;2,300;0,070;9,000;20,000;0,9943;3,38;0,77;12,70;7
8,200;0,640;0,270;2,000;0,095;5,000;77,000;0,9975;3,13;0,62;9,10;6
8,900;0,480;0,530;4,000;0,101;3,000;10,000;0,9959;3,21;0,59;12,10;7
7,600;0,420;0,250;3,900;0,104;28,000;90,000;0,9978;3,15;0,57;9,10;5
9,900;0,530;0,570;2,400;0,093;30,000;52,000;0,9971;3,19;0,76;11,60;7
8,900;0,480;0,530;4,000;0,101;3,000;10,000;0,9959;3,21;0,59;12,10;7
11,600;0,230;0,570;1,800;0,074;3,000;8,000;0,9981;3,14;0,70;9,90;6
9,100;0,400;0,500;1,800;0,071;7,000;16,000;0,9946;3,21;0,69;12,50;8
8,000;0,380;0,440;1,900;0,098;6,000;15,000;0,9956;3,30;0,64;11,40;6
10,200;0,290;0,650;2,400;0,075;6,000;17,000;0,9957;3,22;0,63;11,80;6
8,200;0,740;0,090;2,000;0,067;5,000;10,000;0,9942;3,28;0,57;11,80;6
7,700;0,610;0,180;2,400;0,083;6,000;20,000;0,9963;3,29;0,60;10,20;6
6,600;0,520;0,080;2,400;0,070;13,000;26,000;0,9936;3,40;0,72;12,50;7
11,100;0,310;0,530;2,200;0,060;3,000;10,000;0,9957;3,02;0,83;10,90;7
8,000;0,620;0,350;2,800;0,086;28,000;52,000;0,9970;3,31;0,62;10,80;5
9,300;0,330;0,450;1,500;0,057;19,000;37,000;0,9950;3,18;0,89;11,10;7
7,500;0,770;0,200;8,100;0,098;30,000;92,000;0,9989;3,20;0,58;9,20;5
8,000;0,620;0,330;2,700;0,088;16,000;37,000;0,9972;3,31;0,58;10,70;6
9,900;0,320;0,560;2,000;0,073;3,000;8,000;0,9953;3,15;0,73;11,40;6
8,600;0,370;0,650;6,400;0,080;3,000;8,000;0,9982;3,27;0,58;11,00;5
7,900;0,300;0,680;8,300;0,050;37,500;278,000;0,9932;3,01;0,51;12,30;7
7,900;0,300;0,680;8,300;0,050;37,500;289,000;0,9932;3,01;0,51;12,30;7
7,200;0,380;0,300;1,800;0,073;31,000;70,000;0,9969;3,42;0,59;9,50;6
8,700;0,420;0,450;2,400;0,072;32,000;59,000;0,9962;3,33;0,77;12,00;6
6,800;0,480;0,080;1,800;0,074;40,000;64,000;0,9953;3,12;0,49;9,60;5
8,500;0,340;0,400;4,700;0,055;3,000;9,000;0,9974;3,38;0,66;11,60;7
7,900;0,190;0,420;1,600;0,057;18,000;30,000;0,9940;3,29;0,69;11,20;6
11,600;0,410;0,540;1,500;0,095;22,000;41,000;0,9974;3,02;0,76;9,90;7
11,600;0,410;0,540;1,500;0,095;22,000;41,000;0,9974;3,02;0,76;9,90;7
10,000;0,260;0,540;1,900;0,083;42,000;74,000;0,9945;2,98;0,63;11,80;8
7,900;0,340;0,420;2,000;0,086;8,000;19,000;0,9955;3,35;0,60;11,40;6
7,000;0,540;0,090;2,000;0,081;10,000;16,000;0,9948;3,43;0,59;11,50;6
9,200;0,310;0,360;2,200;0,079;11,000;31,000;0,9962;3,33;0,86;12,00;7
6,600;0,725;0,090;5,500;0,117;9,000;17,000;0,9966;3,35;0,49;10,80;6
6,600;0,725;0,090;5,500;0,117;9,000;17,000;0,9966;3,35;0,49;10,80;6
8,600;0,520;0,380;1,500;0,096;5,000;18,000;0,9967;3,20;0,52;9,40;5
8,400;0,340;0,420;2,100;0,072;23,000;36,000;0,9939;3,11;0,78;12,40;6
7,400;0,490;0,270;2,100;0,071;14,000;25,000;0,9939;3,35;0,63;12,00;6
7,400;0,490;0,270;2,100;0,071;14,000;25,000;0,9939;3,35;0,63;12,00;6
8,000;0,480;0,340;2,200;0,073;16,000;25,000;0,9936;3,28;0,66;12,40;6
6,300;0,570;0,280;2,100;0,048;13,000;49,000;0,9937;3,41;0,60;12,80;5
9,100;0,300;0,410;2,000;0,068;10,000;24,000;0,9952;3,27;0,85;11,70;7
8,100;0,780;0,100;3,300;0,090;4,000;13,000;0,9986;3,36;0,49;9,50;5
10,800;0,470;0,430;2,100;0,171;27,000;66,000;0,9982;3,17;0,76;10,80;6
8,300;0,530;0,000;1,400;0,070;6,000;14,000;0,9959;3,25;0,64;10,00;6
5,400;0,420;0,270;2,000;0,092;23,000;55,000;0,9947;3,78;0,64;12,30;7
7,900;0,330;0,410;1,500;0,056;6,000;35,000;0,9940;3,29;0,71;11,00;6
5,000;0,400;0,500;4,300;0,046;29,000;80,000;0,9902;3,49;0,66;13,60;6
7,000;0,690;0,070;2,500;0,091;15,000;21,000;0,9957;3,38;0,60;11,30;6
7,000;0,690;0,070;2,500;0,091;15,000;21,000;0,9957;3,38;0,60;11,30;6
7,000;0,690;0,070;2,500;0,091;15,000;21,000;0,9957;3,38;0,60;11,30;6
7,100;0,390;0,120;2,100;0,065;14,000;24,000;0,9925;3,30;0,53;13,30;6
5,600;0,660;0,000;2,500;0,066;7,000;15,000;0,9926;3,52;0,58;12,90;5
7,900;0,540;0,340;2,500;0,076;8,000;17,000;0,9924;3,20;0,72;13,10;8
6,300;0,470;0,000;1,400;0,055;27,000;33,000;0,9922;3,45;0,48;12,30;6
8,800;0,240;0,350;1,700;0,055;13,000;27,000;0,9939;3,14;0,59;11,30;7
6,300;0,760;0,000;2,900;0,072;26,000;52,000;0,9938;3,51;0,60;11,50;6
10,000;0,430;0,330;2,700;0,095;28,000;89,000;0,9984;3,22;0,68;10,00;5
9,100;0,600;0,000;1,900;0,058;5,000;10,000;0,9977;3,18;0,63;10,40;6
7,400;0,360;0,340;1,800;0,075;18,000;38,000;0,9933;3,38;0,88;13,60;7
7,200;0,480;0,070;5,500;0,089;10,000;18,000;0,9968;3,37;0,68;11,20;7
8,500;0,280;0,350;1,700;0,061;6,000;15,000;0,9952;3,30;0,74;11,80;7
8,000;0,250;0,430;1,700;0,067;22,000;50,000;0,9946;3,38;0,60;11,90;6
10,400;0,520;0,450;2,000;0,080;6,000;13,000;0,9977;3,22;0,76;11,40;6
7,500;0,410;0,150;3,700;0,104;29,000;94,000;0,9979;3,14;0,58;9,10;5
8,200;0,510;0,240;2,000;0,079;16,000;86,000;0,9976;3,34;0,64;9,50;6
7,300;0,400;0,300;1,700;0,080;33,000;79,000;0,9969;3,41;0,65;9,50;6
8,200;0,380;0,320;2,500;0,080;24,000;71,000;0,9962;3,27;0,85;11,00;6
6,900;0,450;0,110;2,400;0,043;6,000;12,000;0,9935;3,30;0,65;11,40;6
7,000;0,220;0,300;1,800;0,065;16,000;20,000;0,9967;3,61;0,82;10,00;6
7,300;0,320;0,230;2,300;0,066;35,000;70,000;0,9959;3,43;0,62;10,10;5
8,200;0,200;0,430;2,500;0,076;31,000;51,000;0,9967;3,53;0,81;10,40;6
7,800;0,500;0,120;1,800;0,178;6,000;21,000;0,9960;3,28;0,87;9,80;6
10,000;0,410;0,450;6,200;0,071;6,000;14,000;0,9970;3,21;0,49;11,80;7
7,800;0,390;0,420;2,000;0,086;9,000;21,000;0,9953;3,39;0,66;11,60;6
10,000;0,350;0,470;2,000;0,061;6,000;11,000;0,9959;3,23;0,52;12,00;6
6,100;0,580;0,230;2,500;0,044;16,000;70,000;0,9935;3,46;0,65;12,50;6
8,300;0,600;0,250;2,200;0,118;9,000;38,000;0,9962;3,15;0,53;9,80;5
9,600;0,420;0,350;2,100;0,083;17,000;38,000;0,9962;3,23;0,66;11,10;6
8,300;0,600;0,250;2,200;0,118;9,000;38,000;0,9962;3,15;0,53;9,80;5
8,500;0,180;0,510;1,750;0,071;45,000;88,000;0,9952;3,33;0,76;11,80;7
5,100;0,510;0,180;2,100;0,042;16,000;101,000;0,9924;3,46;0,87;12,90;7
8,500;0,320;0,420;2,300;0,075;12,000;19,000;0,9943;3,14;0,71;11,80;7
9,000;0,785;0,240;1,700;0,078;10,000;21,000;0,9969;3,29;0,67;10,00;5
8,200;0,330;0,390;2,500;0,074;29,000;48,000;0,9953;3,32;0,88;12,40;7
6,500;0,340;0,270;2,800;0,067;8,000;44,000;0,9938;3,21;0,56;12,00;6
7,600;0,500;0,290;2,300;0,086;5,000;14,000;0,9950;3,32;0,62;11,50;6
9,200;0,360;0,340;1,600;0,062;5,000;12,000;0,9967;3,20;0,67;10,50;6
9,700;0,420;0,460;2,100;0,074;5,000;16,000;0,9965;3,27;0,74;12,30;6
7,600;0,360;0,310;1,700;0,079;26,000;65,000;0,9972;3,46;0,62;9,50;6
7,600;0,360;0,310;1,700;0,079;26,000;65,000;0,9972;3,46;0,62;9,50;6
6,500;0,610;0,000;2,200;0,095;48,000;59,000;0,9954;3,61;0,70;11,50;6
6,500;0,880;0,030;5,600;0,079;23,000;47,000;0,9957;3,58;0,50;11,20;4
5,600;0,915;0,000;2,100;0,041;17,000;78,000;0,9935;3,68;0,73;11,40;5
8,200;0,350;0,330;2,400;0,076;11,000;47,000;0,9960;3,27;0,81;11,00;6
9,800;0,390;0,430;1,650;0,068;5,000;11,000;0,9948;3,19;0,46;11,40;5
6,800;0,660;0,070;1,600;0,070;16,000;61,000;0,9957;3,29;0,60;9,30;5
6,700;0,640;0,230;2,100;0,080;11,000;119,000;0,9954;3,36;0,70;10,90;5
6,700;0,640;0,230;2,100;0,080;11,000;119,000;0,9954;3,36;0,70;10,90;5
8,800;0,955;0,050;1,800;0,075;5,000;19,000;0,9962;3,30;0,44;9,60;4
9,100;0,400;0,570;4,600;0,080;6,000;20,000;0,9965;3,28;0,57;12,50;6
6,500;0,885;0,000;2,300;0,166;6,000;12,000;0,9955;3,56;0,51;10,80;5
7,200;0,250;0,370;2,500;0,063;11,000;41,000;0,9944;3,52;0,80;12,40;7
7,000;0,745;0,120;1,800;0,114;15,000;64,000;0,9959;3,22;0,59;9,50;6
6,200;0,430;0,220;1,800;0,078;21,000;56,000;0,9963;3,52;0,60;9,50;6
7,700;0,570;0,210;1,500;0,069;4,000;9,000;0,9946;3,16;0,54;9,80;6
7,700;0,260;0,260;2,000;0,052;19,000;77,000;0,9951;3,15;0,79;10,90;6
7,900;0,580;0,230;2,300;0,076;23,000;94,000;0,9969;3,21;0,58;9,50;6
7,700;0,570;0,210;1,500;0,069;4,000;9,000;0,9946;3,16;0,54;9,80;6
7,900;0,340;0,360;1,900;0,065;5,000;10,000;0,9942;3,27;0,54;11,20;7
8,600;0,420;0,390;1,800;0,068;6,000;12,000;0,9952;3,35;0,69;11,70;8
9,900;0,740;0,190;5,800;0,111;33,000;76,000;0,9988;3,14;0,55;9,40;5
7,200;0,360;0,460;2,100;0,074;24,000;44,000;0,9953;3,40;0,85;11,00;7
7,200;0,360;0,460;2,100;0,074;24,000;44,000;0,9953;3,40;0,85;11,00;7
9,900;0,720;0,550;1,700;0,136;24,000;52,000;0,9975;3,35;0,94;10,00;5
7,200;0,360;0,460;2,100;0,074;24,000;44,000;0,9953;3,40;0,85;11,00;7
6,200;0,390;0,430;2,000;0,071;14,000;24,000;0,9943;3,45;0,87;11,20;7
6,800;0,650;0,020;2,100;0,078;8,000;15,000;0,9950;3,35;0,62;10,40;6
6,800;0,650;0,020;2,100;0,078;8,000;15,000;0,9950;3,35;0,62;10,40;6
10,200;0,330;0,460;1,900;0,081;6,000;9,000;0,9963;3,10;0,48;10,40;6
7,900;0,570;0,310;2,000;0,079;10,000;79,000;0,9968;3,29;0,69;9,50;6
9,000;0,390;0,400;1,300;0,044;25,000;50,000;0,9948;3,20;0,83;10,90;6
10,900;0,320;0,520;1,800;0,132;17,000;44,000;0,9973;3,28;0,77;11,50;6
10,900;0,320;0,520;1,800;0,132;17,000;44,000;0,9973;3,28;0,77;11,50;6
12,600;0,390;0,490;2,500;0,080;8,000;20,000;0,9992;3,07;0,82;10,30;6
9,200;0,460;0,230;2,600;0,091;18,000;77,000;0,9992;3,15;0,51;9,40;5
7,500;0,580;0,030;4,100;0,080;27,000;46,000;0,9959;3,02;0,47;9,20;5
9,000;0,580;0,250;2,000;0,104;8,000;21,000;0,9977;3,27;0,72;9,60;5
5,100;0,420;0,000;1,800;0,044;18,000;88,000;0,9916;3,68;0,73;13,60;7
7,600;0,430;0,290;2,100;0,075;19,000;66,000;0,9972;3,40;0,64;9,50;5
7,700;0,180;0,340;2,700;0,066;15,000;58,000;0,9947;3,37;0,78;11,80;6
7,800;0,815;0,010;2,600;0,074;48,000;90,000;0,9962;3,38;0,62;10,80;5
7,600;0,430;0,290;2,100;0,075;19,000;66,000;0,9972;3,40;0,64;9,50;5
7,100;0,750;0,010;2,200;0,059;11,000;18,000;0,9924;3,39;0,40;12,80;6
7,800;0,550;0,000;1,700;0,070;7,000;17,000;0,9966;3,26;0,64;9,40;6
7,100;0,750;0,010;2,200;0,059;11,000;18,000;0,9924;3,39;0,40;12,80;6
8,100;0,730;0,000;2,500;0,081;12,000;24,000;0,9980;3,38;0,46;9,60;4
6,500;0,670;0,000;4,300;0,057;11,000;20,000;0,9949;3,45;0,56;11,80;4
7,500;0,610;0,200;1,700;0,076;36,000;60,000;0,9949;3,10;0,40;9,30;5
8,300;0,560;0,220;2,400;0,082;10,000;86,000;0,9983;3,37;0,62;9,50;5
7,400;0,550;0,190;1,800;0,082;15,000;34,000;0,9966;3,49;0,68;10,50;5
7,400;0,740;0,070;1,700;0,086;15,000;48,000;0,9950;3,12;0,48;10,00;5
7,100;0,600;0,010;2,300;0,079;24,000;37,000;0,9951;3,40;0,61;10,90;6
7,500;0,580;0,140;2,200;0,077;27,000;60,000;0,9963;3,28;0,59;9,80;5
7,100;0,720;0,000;1,800;0,123;6,000;14,000;0,9963;3,45;0,58;9,80;5
7,900;0,660;0,000;1,400;0,096;6,000;13,000;0,9957;3,43;0,58;9,50;5
7,800;0,700;0,060;1,900;0,079;20,000;35,000;0,9963;3,40;0,69;10,90;5
7,500;0,590;0,220;1,800;0,082;43,000;60,000;0,9950;3,10;0,42;9,20;5
7,000;0,580;0,280;4,800;0,085;12,000;69,000;0,9963;3,32;0,70;11,00;6
6,800;0,640;0,000;2,700;0,123;15,000;33,000;0,9954;3,44;0,63;11,30;6
8,600;0,635;0,680;1,800;0,403;19,000;56,000;0,9963;3,02;1,15;9,30;5
6,300;1,020;0,000;2,000;0,083;17,000;24,000;0,9944;3,59;0,55;11,20;4
9,800;0,450;0,380;2,500;0,081;34,000;66,000;0,9973;3,15;0,58;9,80;5
8,500;0,370;0,320;1,800;0,066;26,000;51,000;0,9946;3,38;0,72;11,80;6
7,200;0,570;0,050;2,300;0,081;16,000;36,000;0,9956;3,38;0,60;10,30;6
7,200;0,570;0,050;2,300;0,081;16,000;36,000;0,9956;3,38;0,60;10,30;6
10,400;0,430;0,500;2,300;0,068;13,000;19,000;0,9960;3,10;0,87;11,40;6
6,900;0,410;0,310;2,000;0,079;21,000;51,000;0,9967;3,47;0,55;9,50;6
5,000;0,380;0,010;1,600;0,048;26,000;60,000;0,9908;3,70;0,75;14,00;6
7,300;0,440;0,200;1,600;0,049;24,000;64,000;0,9935;3,38;0,57;11,70;6
5,900;0,460;0,000;1,900;0,077;25,000;44,000;0,9939;3,50;0,53;11,20;5
7,500;0,580;0,200;2,000;0,073;34,000;44,000;0,9949;3,10;0,43;9,30;5
7,800;0,580;0,130;2,100;0,102;17,000;36,000;0,9944;3,24;0,53;11,20;6
8,000;0,715;0,220;2,300;0,075;13,000;81,000;0,9969;3,24;0,54;9,50;6
8,500;0,400;0,400;6,300;0,050;3,000;10,000;0,9957;3,28;0,56;12,00;4
7,000;0,690;0,000;1,900;0,114;3,000;10,000;0,9964;3,35;0,60;9,70;6
8,000;0,715;0,220;2,300;0,075;13,000;81,000;0,9969;3,24;0,54;9,50;6
9,800;0,300;0,390;1,700;0,062;3,000;9,000;0,9948;3,14;0,57;11,50;7
7,100;0,460;0,200;1,900;0,077;28,000;54,000;0,9956;3,37;0,64;10,40;6
7,100;0,460;0,200;1,900;0,077;28,000;54,000;0,9956;3,37;0,64;10,40;6
7,900;0,765;0,000;2,000;0,084;9,000;22,000;0,9962;3,33;0,68;10,90;6
8,700;0,630;0,280;2,700;0,096;17,000;69,000;0,9973;3,26;0,63;10,20;6
7,000;0,420;0,190;2,300;0,071;18,000;36,000;0,9948;3,39;0,56;10,90;5
11,300;0,370;0,500;1,800;0,090;20,000;47,000;0,9973;3,15;0,57;10,50;5
7,000;0,600;0,300;4,500;0,068;20,000;110,000;0,9991;3,30;1,17;10,20;5
7,000;0,600;0,300;4,500;0,068;20,000;110,000;0,9991;3,30;1,17;10,20;5
7,600;0,740;0,000;1,900;0,100;6,000;12,000;0,9952;3,36;0,59;11,00;5
8,200;0,635;0,100;2,100;0,073;25,000;60,000;0,9964;3,29;0,75;10,90;6
5,900;0,395;0,130;2,400;0,056;14,000;28,000;0,9936;3,62;0,67;12,40;6
6,600;0,630;0,000;4,300;0,093;51,000;77,500;0,9956;3,20;0,45;9,50;5
7,200;0,530;0,140;2,100;0,064;15,000;29,000;0,9932;3,35;0,61;12,10;6
5,700;0,600;0,000;1,400;0,063;11,000;18,000;0,9919;3,45;0,56;12,20;6
7,600;1,580;0,000;2,100;0,137;5,000;9,000;0,9948;3,50;0,40;10,90;3
5,200;0,645;0,000;2,150;0,080;15,000;28,000;0,9944;3,78;0,61;12,50;6
6,700;0,860;0,070;2,000;0,100;20,000;57,000;0,9960;3,60;0,74;11,70;6
9,100;0,370;0,320;2,100;0,064;4,000;15,000;0,9958;3,30;0,80;11,20;6
7,600;0,790;0,210;2,300;0,087;21,000;68,000;0,9955;3,12;0,44;9,20;5
7,500;0,610;0,260;1,900;0,073;24,000;88,000;0,9961;3,30;0,53;9,80;5
9,700;0,690;0,320;2,500;0,088;22,000;91,000;0,9979;3,29;0,62;10,10;5
7,000;0,620;0,100;1,400;0,071;27,000;63,000;0,9960;3,28;0,61;9,20;5
6,500;0,510;0,150;3,000;0,064;12,000;27,000;0,9929;3,33;0,59;12,80;6
8,000;1,180;0,210;1,900;0,083;14,000;41,000;0,9953;3,34;0,47;10,50;5
7,500;0,630;0,270;2,000;0,083;17,000;91,000;0,9962;3,26;0,58;9,80;6
5,400;0,740;0,000;1,200;0,041;16,000;46,000;0,9926;4,01;0,59;12,50;6
9,100;0,760;0,680;1,700;0,414;18,000;64,000;0,9965;2,90;1,33;9,10;6
5,000;0,740;0,000;1,200;0,041;16,000;46,000;0,9926;4,01;0,59;12,50;6
9,100;0,340;0,420;1,800;0,058;9,000;18,000;0,9939;3,18;0,55;11,40;5
6,700;0,460;0,240;1,700;0,077;18,000;34,000;0,9948;3,39;0,60;10,60;6
6,700;0,460;0,240;1,700;0,077;18,000;34,000;0,9948;3,39;0,60;10,60;6
6,700;0,460;0,240;1,700;0,077;18,000;34,000;0,9948;3,39;0,60;10,60;6
6,700;0,460;0,240;1,700;0,077;18,000;34,000;0,9948;3,39;0,60;10,60;6
6,500;0,520;0,110;1,800;0,073;13,000;38,000;0,9955;3,34;0,52;9,30;5
7,400;0,600;0,260;2,100;0,083;17,000;91,000;0,9962;3,29;0,56;9,80;6
7,400;0,600;0,260;2,100;0,083;17,000;91,000;0,9962;3,29;0,56;9,80;6
7,800;0,870;0,260;3,800;0,107;31,000;67,000;0,9967;3,26;0,46;9,20;5
8,400;0,390;0,100;1,700;0,075;6,000;25,000;0,9958;3,09;0,43;9,70;6
9,100;0,775;0,220;2,200;0,079;12,000;48,000;0,9976;3,18;0,51;9,60;5
7,200;0,835;0,000;2,000;0,166;4,000;11,000;0,9961;3,39;0,52;10,00;5
6,600;0,580;0,020;2,400;0,069;19,000;40,000;0,9939;3,38;0,66;12,60;6
6,000;0,500;0,000;1,400;0,057;15,000;26,000;0,9945;3,36;0,45;9,50;5
6,000;0,500;0,000;1,400;0,057;15,000;26,000;0,9945;3,36;0,45;9,50;5
6,000;0,500;0,000;1,400;0,057;15,000;26,000;0,9945;3,36;0,45;9,50;5
7,500;0,510;0,020;1,700;0,084;13,000;31,000;0,9954;3,36;0,54;10,50;6
7,500;0,510;0,020;1,700;0,084;13,000;31,000;0,9954;3,36;0,54;10,50;6
7,500;0,510;0,020;1,700;0,084;13,000;31,000;0,9954;3,36;0,54;10,50;6
7,500;0,510;0,020;1,700;0,084;13,000;31,000;0,9954;3,36;0,54;10,50;6
11,500;0,420;0,480;2,600;0,077;8,000;20,000;0,9985;3,09;0,53;11,00;5
8,200;0,440;0,240;2,300;0,063;10,000;28,000;0,9961;3,25;0,53;10,20;6
6,100;0,590;0,010;2,100;0,056;5,000;13,000;0,9947;3,52;0,56;11,40;5
7,200;0,655;0,030;1,800;0,078;7,000;12,000;0,9959;3,34;0,39;9,50;5
7,200;0,620;0,010;2,300;0,065;8,000;46,000;0,9933;3,32;0,51;11,80;6
7,600;0,645;0,030;1,900;0,086;14,000;57,000;0,9969;3,37;0,46;10,30;5
6,100;0,320;0,250;1,800;0,086;5,000;32,000;0,9946;3,36;0,44;10,10;5
6,100;0,340;0,250;1,800;0,084;4,000;28,000;0,9946;3,36;0,44;10,10;5
7,300;0,430;0,240;2,500;0,078;27,000;67,000;0,9965;3,60;0,59;11,10;6
7,400;0,640;0,170;5,400;0,168;52,000;98,000;0,9974;3,28;0,50;9,50;5
11,600;0,475;0,400;1,400;0,091;6,000;28,000;0,9970;3,07;0,65;100333333333333,00;6
8,300;0,850;0,140;2,500;0,093;13,000;54,000;0,9972;3,36;0,54;10,10;5
11,600;0,475;0,400;1,400;0,091;6,000;28,000;0,9970;3,07;0,65;100333333333333,00;6
7,200;0,605;0,020;1,900;0,096;10,000;31,000;0,9950;3,46;0,53;11,80;6
7,300;0,740;0,080;1,700;0,094;10,000;45,000;0,9958;3,24;0,50;9,80;5
6,900;0,540;0,300;2,200;0,088;9,000;105,000;0,9973;3,25;1,18;10,50;6
8,000;0,770;0,320;2,100;0,079;16,000;74,000;0,9966;3,27;0,50;9,80;6
8,700;0,780;0,510;1,700;0,415;12,000;66,000;0,9962;3,00;1,17;9,20;5
7,500;0,580;0,560;3,100;0,153;5,000;14,000;0,9948;3,21;1,03;11,60;6
8,700;0,780;0,510;1,700;0,415;12,000;66,000;0,9962;3,00;1,17;9,20;5
8,200;0,885;0,200;1,400;0,086;7,000;31,000;0,9946;3,11;0,46;10,00;5
7,200;0,450;0,150;2,000;0,078;10,000;28,000;0,9961;3,29;0,51;9,90;6
7,500;0,570;0,020;2,600;0,077;11,000;35,000;0,9956;3,36;0,62;10,80;6
7,500;0,570;0,020;2,600;0,077;11,000;35,000;0,9956;3,36;0,62;10,80;6
8,000;0,600;0,220;2,100;0,080;25,000;105,000;0,9961;3,30;0,49;9,90;5
8,000;0,600;0,220;2,100;0,080;25,000;105,000;0,9961;3,30;0,49;9,90;5
7,100;0,755;0,150;1,800;0,107;20,000;84,000;0,9959;3,19;0,50;9,50;5
8,000;0,810;0,250;3,400;0,076;34,000;85,000;0,9967;3,19;0,42;9,20;5
7,400;0,640;0,070;1,800;0,100;8,000;23,000;0,9961;3,30;0,58;9,60;5
6,600;0,640;0,310;6,100;0,083;7,000;49,000;0,9972;3,35;0,68;10,30;5
6,000;0,490;0,000;2,300;0,068;15,000;33,000;0,9929;3,58;0,59;12,50;6
8,000;0,640;0,220;2,400;0,094;5,000;33,000;0,9961;3,37;0,58;11,00;5
7,100;0,620;0,060;1,300;0,070;5,000;12,000;0,9942;3,17;0,48;9,80;5
8,000;0,520;0,250;2,000;0,078;19,000;59,000;0,9961;3,30;0,48;10,20;5
8,600;0,685;0,100;1,600;0,092;3,000;12,000;0,9975;3,31;0,65;9,55;6
8,700;0,675;0,100;1,600;0,090;4,000;11,000;0,9975;3,31;0,65;9,55;5
7,300;0,590;0,260;2,000;0,080;17,000;104,000;0,9958;3,28;0,52;9,90;5
7,200;0,670;0,000;2,200;0,068;10,000;24,000;0,9956;3,42;0,72;11,10;6
7,900;0,690;0,210;2,100;0,080;33,000;141,000;0,9962;3,25;0,51;9,90;5
7,600;0,300;0,420;2,000;0,052;6,000;24,000;0,9963;3,44;0,82;11,90;6
7,200;0,330;0,330;1,700;0,061;3,000;13,000;0,9960;3,23;1,10;10,00;8
8,000;0,500;0,390;2,600;0,082;12,000;46,000;0,9985;3,43;0,62;10,70;6
8,200;0,240;0,340;5,100;0,062;8,000;22,000;0,9974;3,22;0,94;10,90;6
6,000;0,510;0,000;2,100;0,064;40,000;54,000;0,9950;3,54;0,93;10,70;6
8,100;0,290;0,360;2,200;0,048;35,000;53,000;0,9950;3,27;1,01;12,40;7
6,000;0,510;0,000;2,100;0,064;40,000;54,000;0,9950;3,54;0,93;10,70;6
6,600;0,960;0,000;1,800;0,082;5,000;16,000;0,9936;3,50;0,44;11,90;6
6,400;0,470;0,400;2,400;0,071;8,000;19,000;0,9963;3,56;0,73;10,60;6
8,200;0,240;0,340;5,100;0,062;8,000;22,000;0,9974;3,22;0,94;10,90;6
9,900;0,570;0,250;2,000;0,104;12,000;89,000;0,9963;3,04;0,90;10,10;5
10,000;0,320;0,590;2,200;0,077;3,000;15,000;0,9994;3,20;0,78;9,60;5
6,200;0,580;0,000;1,600;0,065;8,000;18,000;0,9966;3,56;0,84;9,40;5
10,000;0,320;0,590;2,200;0,077;3,000;15,000;0,9994;3,20;0,78;9,60;5
7,300;0,340;0,330;2,500;0,064;21,000;37,000;0,9952;3,35;0,77;12,10;7
7,800;0,530;0,010;1,600;0,077;3,000;19,000;0,9950;3,16;0,46;9,80;5
7,700;0,640;0,210;2,200;0,077;32,000;133,000;0,9956;3,27;0,45;9,90;5
7,800;0,530;0,010;1,600;0,077;3,000;19,000;0,9950;3,16;0,46;9,80;5
7,500;0,400;0,180;1,600;0,079;24,000;58,000;0,9965;3,34;0,58;9,40;5
7,000;0,540;0,000;2,100;0,079;39,000;55,000;0,9956;3,39;0,84;11,40;6
6,400;0,530;0,090;3,900;0,123;14,000;31,000;0,9968;3,50;0,67;11,00;4
7,600;0,410;0,330;2,500;0,078;6,000;23,000;0,9957;3,30;0,58;11,20;5
7,800;0,640;0,000;1,900;0,072;27,000;55,000;0,9962;3,31;0,63;11,00;5
7,900;0,180;0,400;2,200;0,049;38,000;67,000;0,9960;3,33;0,93;11,30;5
7,400;0,410;0,240;1,800;0,066;18,000;47,000;0,9956;3,37;0,62;10,40;5
7,600;0,430;0,310;2,100;0,069;13,000;74,000;0,9958;3,26;0,54;9,90;6
6,100;0,400;0,160;1,800;0,069;11,000;25,000;0,9955;3,42;0,74;10,10;7
10,200;0,540;0,370;15,400;0,214;55,000;95,000;100369,0000;3,18;0,77;9,00;6
10,000;0,380;0,380;1,600;0,169;27,000;90,000;0,9991;3,15;0,65;8,50;5
6,800;0,915;0,290;4,800;0,070;15,000;39,000;0,9958;3,53;0,54;11,10;5
7,000;0,590;0,000;1,700;0,052;3,000;8,000;0,9960;3,41;0,47;10,30;5
7,300;0,670;0,020;2,200;0,072;31,000;92,000;0,9957;3,32;0,68;11066666666666600,00;6
6,900;0,580;0,200;1,750;0,058;8,000;22,000;0,9932;3,38;0,49;11,70;5
7,400;0,785;0,190;5,200;0,094;19,000;98,000;0,9971;3,16;0,52;9,60;6
6,800;0,670;0,000;1,900;0,080;22,000;39,000;0,9970;3,40;0,74;9,70;5
7,200;0,380;0,310;2,000;0,056;15,000;29,000;0,9947;3,23;0,76;11,30;8
7,200;0,370;0,320;2,000;0,062;15,000;28,000;0,9947;3,23;0,73;11,30;7
7,800;0,320;0,440;2,700;0,104;8,000;17,000;0,9973;3,33;0,78;11,00;7
6,600;0,580;0,020;2,000;0,062;37,000;53,000;0,9937;3,35;0,76;11,60;7
11,700;0,450;0,630;2,200;0,073;7,000;23,000;0,9997;3,21;0,69;10,90;6
6,500;0,900;0,000;1,600;0,052;9,000;17,000;0,9947;3,50;0,63;10,90;6
7,600;0,490;0,330;1,900;0,074;27,000;85,000;0,9971;3,41;0,58;9,00;5
8,400;0,290;0,400;1,700;0,067;8,000;20,000;0,9960;3,39;0,60;10,50;5
7,900;0,200;0,350;1,700;0,054;7,000;15,000;0,9946;3,32;0,80;11,90;7
6,400;0,420;0,090;2,300;0,054;34,000;64,000;0,9972;3,41;0,68;10,40;6
6,200;0,785;0,000;2,100;0,060;6,000;13,000;0,9966;3,59;0,61;10,00;4
6,900;0,630;0,010;2,400;0,076;14,000;39,000;0,9952;3,34;0,53;10,80;6
6,800;0,590;0,100;1,700;0,063;34,000;53,000;0,9958;3,41;0,67;9,70;5
7,300;0,480;0,320;2,100;0,062;31,000;54,000;0,9973;3,30;0,65;10,00;7
6,700;1,040;0,080;2,300;0,067;19,000;32,000;0,9965;3,52;0,57;11,00;4
7,300;0,480;0,320;2,100;0,062;31,000;54,000;0,9973;3,30;0,65;10,00;7
7,300;0,980;0,050;2,100;0,061;20,000;49,000;0,9971;3,31;0,55;9,70;3
10,000;0,690;0,110;1,400;0,084;8,000;24,000;0,9958;2,88;0,47;9,70;5
6,700;0,700;0,080;3,750;0,067;8,000;16,000;0,9933;3,43;0,52;12,60;5
7,600;0,350;0,600;2,600;0,073;23,000;44,000;0,9966;3,38;0,79;11,10;6
6,100;0,600;0,080;1,800;0,071;14,000;45,000;0,9934;3,38;0,54;11,00;5
9,900;0,500;0,500;13,800;0,205;48,000;82,000;100242,0000;3,16;0,75;8,80;5
5,300;0,470;0,110;2,200;0,048;16,000;89,000;0,9918;3,54;0,88;13566666666666600,00;7
9,900;0,500;0,500;13,800;0,205;48,000;82,000;100242,0000;3,16;0,75;8,80;5
5,300;0,470;0,110;2,200;0,048;16,000;89,000;0,9918;3,54;0,88;13,60;7
7,100;0,875;0,050;5,700;0,082;3,000;14,000;0,9981;3,40;0,52;10,20;3
8,200;0,280;0,600;3,000;0,104;10,000;22,000;0,9983;3,39;0,68;10,60;5
5,600;0,620;0,030;1,500;0,080;6,000;13,000;0,9950;3,66;0,62;10,10;4
8,200;0,280;0,600;3,000;0,104;10,000;22,000;0,9983;3,39;0,68;10,60;5
8,100;0,330;0,440;1,500;0,042;6,000;12,000;0,9954;3,35;0,61;10,70;5
7,000;0,655;0,160;2,100;0,074;8,000;25,000;0,9961;3,37;0,55;9,70;5
6,800;0,680;0,210;2,100;0,070;9,000;23,000;0,9955;3,38;0,60;10,30;5
6,000;0,640;0,050;1,900;0,066;9,000;17,000;0,9950;3,52;0,78;10,60;5
5,600;0,540;0,040;1,700;0,049;5,000;13,000;0,9942;3,72;0,58;11,40;5
7,100;0,220;0,490;1,800;0,039;8,000;18,000;0,9934;3,39;0,56;12,40;6
6,200;0,650;0,060;1,600;0,050;6,000;18,000;0,9935;3,57;0,54;11,95;5
7,700;0,540;0,260;1,900;0,089;23,000;147,000;0,9964;3,26;0,59;9,70;5
6,400;0,310;0,090;1,400;0,066;15,000;28,000;0,9946;3,42;0,70;10,00;7
7,000;0,430;0,020;1,900;0,080;15,000;28,000;0,9949;3,35;0,81;10,60;6
6,900;0,740;0,030;2,300;0,054;7,000;16,000;0,9951;3,45;0,63;11,50;6
6,900;0,740;0,030;2,300;0,054;7,000;16,000;0,9951;3,45;0,63;11,50;6
7,800;0,820;0,290;4,300;0,083;21,000;64,000;0,9964;3,16;0,53;9,40;5
6,200;0,440;0,390;2,500;0,077;6,000;14,000;0,9956;3,51;0,69;11,00;6
7,500;0,380;0,570;2,300;0,106;5,000;12,000;0,9961;3,36;0,55;11,40;6
6,700;0,760;0,020;1,800;0,078;6,000;12,000;0,9960;3,55;0,63;9,95;3
6,800;0,810;0,050;2,000;0,070;6,000;14,000;0,9956;3,51;0,66;10,80;6
7,500;0,380;0,570;2,300;0,106;5,000;12,000;0,9961;3,36;0,55;11,40;6
7,100;0,270;0,600;2,100;0,074;17,000;25,000;0,9981;3,38;0,72;10,60;6
7,900;0,180;0,400;1,800;0,062;7,000;20,000;0,9941;3,28;0,70;11,10;5
6,400;0,360;0,210;2,200;0,047;26,000;48,000;0,9966;3,47;0,77;9,70;6
7,100;0,690;0,040;2,100;0,068;19,000;27,000;0,9971;3,44;0,67;9,80;5
6,900;0,840;0,210;4,100;0,074;16,000;65,000;0,9984;3,53;0,72;923333333333333,00;6
6,900;0,840;0,210;4,100;0,074;16,000;65,000;0,9984;3,53;0,72;9,25;6
6,500;0,530;0,060;2,000;0,063;29,000;44,000;0,9949;3,38;0,83;10,30;6
7,400;0,470;0,460;2,200;0,114;7,000;20,000;0,9965;3,32;0,63;10,50;5
6,600;0,700;0,080;2,600;0,106;14,000;27,000;0,9967;3,44;0,58;10,20;5
6,100;0,320;0,250;2,300;0,071;23,000;58,000;0,9963;3,42;0,97;10,60;5
6,800;0,480;0,250;2,000;0,076;29,000;61,000;0,9953;3,34;0,60;10,40;5
6,700;0,480;0,080;2,100;0,064;18,000;34,000;0,9955;3,33;0,64;9,70;5
6,800;0,470;0,080;2,200;0,064;18,000;38,000;0,9955;3,30;0,65;9,60;6
7,900;0,290;0,490;2,200;0,096;21,000;59,000;0,9971;3,31;0,67;10,10;6
7,100;0,690;0,080;2,100;0,063;42,000;52,000;0,9961;3,42;0,60;10,20;6
6,600;0,440;0,090;2,200;0,063;9,000;18,000;0,9944;3,42;0,69;11,30;6
6,100;0,705;0,100;2,800;0,081;13,000;28,000;0,9963;3,60;0,66;10,20;5
7,200;0,530;0,130;2,000;0,058;18,000;22,000;0,9957;3,21;0,68;9,90;6
8,000;0,390;0,300;1,900;0,074;32,000;84,000;0,9972;3,39;0,61;9,00;5
6,600;0,560;0,140;2,400;0,064;13,000;29,000;0,9940;3,42;0,62;11,70;7
7,000;0,550;0,130;2,200;0,075;15,000;35,000;0,9959;3,36;0,59;9,70;6
6,200;0,640;0,090;2,500;0,081;15,000;26,000;0,9954;3,57;0,63;12,00;5
6,200;0,520;0,080;4,400;0,071;11,000;32,000;0,9965;3,56;0,63;11,60;6
8,400;0,370;0,430;2,300;0,063;12,000;19,000;0,9955;3,17;0,81;11,20;7
6,500;0,630;0,330;1,800;0,059;16,000;28,000;0,9953;3,36;0,64;10,10;6
7,000;0,570;0,020;2,000;0,072;17,000;26,000;0,9958;3,36;0,61;10,20;5
11,200;0,400;0,500;2,000;0,099;19,000;50,000;0,9978;3,10;0,58;10,40;5
7,400;0,360;0,300;1,800;0,074;17,000;24,000;0,9942;3,24;0,70;11,40;8
7,100;0,670;0,000;2,300;0,083;18,000;27,000;0,9977;3,44;0,54;9,40;5
6,300;0,680;0,010;3,700;0,103;32,000;54,000;0,9959;3,51;0,66;11,30;6
7,300;0,735;0,000;2,200;0,080;18,000;28,000;0,9977;3,41;0,60;9,40;5
7,000;0,560;0,170;1,700;0,065;15,000;24,000;0,9951;3,44;0,68;10,55;7
6,600;0,880;0,040;2,200;0,066;12,000;20,000;0,9964;3,53;0,56;9,90;5
6,600;0,855;0,020;2,400;0,062;15,000;23,000;0,9963;3,54;0,60;11,00;6
6,900;0,630;0,330;6,700;0,235;66,000;115,000;0,9979;3,22;0,56;9,50;5
7,800;0,600;0,260;2,000;0,080;31,000;131,000;0,9962;3,21;0,52;9,90;5
7,800;0,600;0,260;2,000;0,080;31,000;131,000;0,9962;3,21;0,52;9,90;5
7,800;0,600;0,260;2,000;0,080;31,000;131,000;0,9962;3,21;0,52;9,90;5
7,200;0,695;0,130;2,000;0,076;12,000;20,000;0,9955;3,29;0,54;10,10;5
7,200;0,695;0,130;2,000;0,076;12,000;20,000;0,9955;3,29;0,54;10,10;5
6,700;0,670;0,020;1,900;0,061;26,000;42,000;0,9949;3,39;0,82;10,90;6
6,700;0,160;0,640;2,100;0,059;24,000;52,000;0,9949;3,34;0,71;11,20;6
7,200;0,695;0,130;2,000;0,076;12,000;20,000;0,9955;3,29;0,54;10,10;5
7,000;0,560;0,130;1,600;0,077;25,000;42,000;0,9963;3,34;0,59;9,20;5
6,200;0,510;0,140;1,900;0,056;15,000;34,000;0,9940;3,48;0,57;11,50;6
6,400;0,360;0,530;2,200;0,230;19,000;35,000;0,9934;3,37;0,93;12,40;6
6,400;0,380;0,140;2,200;0,038;15,000;25,000;0,9951;3,44;0,65;11,10;6
7,300;0,690;0,320;2,200;0,069;35,000;104,000;0,9963;3,33;0,51;9,50;5
6,000;0,580;0,200;2,400;0,075;15,000;50,000;0,9947;3,58;0,67;12,50;6
7,500;0,520;0,400;2,200;0,060;12,000;20,000;0,9947;3,26;0,64;11,80;6
8,000;0,300;0,630;1,600;0,081;16,000;29,000;0,9959;3,30;0,78;10,80;6
6,200;0,700;0,150;5,100;0,076;13,000;27,000;0,9962;3,54;0,60;11,90;6
6,800;0,670;0,150;1,800;0,118;13,000;20,000;0,9954;3,42;0,67;11,30;6
7,400;0,350;0,330;2,400;0,068;9,000;26,000;0,9947;3,36;0,60;11,90;6
6,100;0,715;0,100;2,600;0,053;13,000;27,000;0,9936;3,57;0,50;11,90;5
6,200;0,460;0,290;2,100;0,074;32,000;98,000;0,9958;3,33;0,62;9,80;5
6,700;0,320;0,440;2,400;0,061;24,000;34,000;0,9948;3,29;0,80;11,60;7
7,500;0,310;0,410;2,400;0,065;34,000;60,000;0,9949;3,34;0,85;11,40;6
5,800;0,610;0,110;1,800;0,066;18,000;28,000;0,9948;3,55;0,66;10,90;6
6,300;0,550;0,150;1,800;0,077;26,000;35,000;0,9931;3,32;0,82;11,60;6
5,400;0,740;0,090;1,700;0,089;16,000;26,000;0,9940;3,67;0,56;11,60;6
6,300;0,510;0,130;2,300;0,076;29,000;40,000;0,9957;3,42;0,75;11,00;6
6,800;0,620;0,080;1,900;0,068;28,000;38,000;0,9965;3,42;0,82;9,50;6
6,200;0,600;0,080;2,000;0,090;32,000;44,000;0,9949;3,45;0,58;10,50;5
5,900;0,550;0,100;2,200;0,062;39,000;51,000;0,9951;3,52;0,76;11,20;6
5,900;0,645;0,120;2,000;0,075;32,000;44,000;0,9955;3,57;0,71;10,20;5
